Transcriptions,Signature,Burial place,Mother,Instruments,Battles/wars,Parent(s),Rank,Spouse(s),Honours,Branch,2002–2007,Known for,"Service/, branch",Resting place,Place of Birth,Board member of,Partner(s),Relative(s),Genres,Website,Years of service,Burial,Issue,Other names,Name,Commands held,Spouses,Born,Family,Jyutping,Occupation,Succeeded by,Citizenship,Employer(s),Origin,Religion,Relatives,Education,Death Place,Works,Father,Awards,Birth Date,Organizations,President,Medium,Died,Allegiance,Hanyu Pinyin,Simplified Chinese,Height,Labels,Years active,Partner,1997–2007,Cause of death,Occupations,Traditional Chinese,Monuments,Service number,Losses,Partners,Instrument(s),Parent,Children,Full Birth Name,Organization,Reach,Spouse,Alma mater,Title,Occupation(s),Unit,Wins,Formerly of,Parents,House,Weight(s),Preceded by,Notable work,Political party,Nationality,Wade–Giles
,,,,,,,,,,,,,,"Home of Peace Cemetery, , Los Angeles, California, U.S.","Laupheim, ,, Kingdom of Württemberg, (now Germany)",,,,,,,,,,Carl Laemmle,,,,"Stanley Bergerman, (son-in-law), Carla Laemmle, (niece)",,,,,,,,,,"Los Angeles, ,, California, , U.S.",,,,1867-01-17,,,,1939-09-24,,,,,,1909–1939,,,,,,,,,,,,"Rosabelle Laemmle Bergerman (1903–1965), Carl Laemmle Jr., (1908–1979)",Karl Lämmle,,,Recha Stern,,,,,,,,,,,,,,
,,,,,,,,"George Hoeppert,  ,  , (, m., 1894;, div., 1906),  , James Henry Dalton,  ,  , (, m., 1907; died 1921),  ",,,,,,"Forest Lawn Memorial Park, Glendale","Cobourg, Ontario, , Canada",,,,,,,,,,Marie Dressler,,,,,,Actress,,"Canada, United States",,,,,,"Santa Barbara, California, , U.S.",,,,1868-11-09,,,,1934-07-28,,,,,,1886–1934,,,,,,,,,,,,,Leila Marie Koerber,,,,,,,,,,,,,,,,,
,,,,,,,,,,,,"One of the three founders of, Paramount Pictures",,,"Ricse, ,, Kingdom of Hungary, ,, Austria-Hungary",,,,,,,,,,Adolph Zukor,,,,,,Film producer,,,,,,,,"Los Angeles, ,, California, , U.S.",,,,1873-01-07,,,,1976-06-10,,,,,,1903–1959,,,,,,,,,,,,2,,,,"Lottie Kaufman,  , (, m., 1897⁠–⁠1956),  ",,,,,,,,,,,,,,
,,,,,,,,,,,,,,"Mount Tabor Methodist Church Graveyard,, Centerfield, Kentucky, , U.S.","Oldham County, Kentucky, , U.S.",,,,,,,,,,D. W. Griffith,,"Linda Arvidson,  ,  , (, m., 1906;, div., 1936),  , Evelyn Baldwin,  ,  , (, m., 1936;, div., 1947),  ",,,,,,,,,,,,"Hollywood, California, , U.S.",,,,1875-01-22,,,,1948-07-23,,,,,,1895–1931,,,,"Director, producer",,,,,,,,,David Wark Griffith,,,,,,,,,,,,,,,,,
,,,,,,"Maurice Barrymore, Georgiana Drew",,"Doris Rankin,  ,  , (, m., 1904;, div., 1922),  , Irene Fenwick,  ,  , (, m., 1923; died 1936),  ",,,,,,,"Philadelphia, ,, Pennsylvania, , U.S.",,,,,,,,,,Lionel Barrymore,,,,Barrymore,,Actor,,,,,,,,"Los Angeles, California, , U.S.",,,,1878-04-28,,,,"November 15, 1954, 1954-11-15, aged 76",,,,,,1893–1954,,,,,,,,,,,,2,Lionel Herbert Blythe,,,,,,,,,,,,,,,Republican,,
,,,,,,,,,,,,"Max Factor, Cosmetics",,"Hillside Memorial Park Cemetery, ,, Culver City, , California, U.S.","Zduńska Wola, ,, Congress Poland, ,, Russian Empire",,,,,,,,,,Max Factor Sr.,,"Esther Rosa ""Lizzie"" Faktorowicz,  ,  , (, m., 1896; died 1906),  , Huma ""Helen"" Sradkowska,  ,  , (, m., 1906;, div., 1908),  , Jennie Cook,  ,  , (, m., 1908),  ",,,,,,"American (, naturalized, )",,,,"John Factor, (half-brother), Andrew Luster, (great-grandson)",,"Beverly Hills, California, , U.S.",,,"Honorary Academy Award, (1929)",1877-09-15,,,,1938-08-30,,,,,,1887–1938,,,,,,Hollywood Walk of Fame,,,,,,"5, including, Francis ""Frank"" Factor (Max Factor Jr.)",Maksymilian Faktorowicz,,,,,,Entrepreneur; wig and cosmetics technician; inventor,,,,,,,,,,Polish,
,,,,,,"Henry Churchill de Mille, Matilda Beatrice deMille",,,,,,,,Hollywood Forever Cemetery,"Ashfield, Massachusetts, , U.S.",,,,,Official website,,,,,Cecil B. DeMille,,,,,,,,,,,,"William C. deMille, (brother), Agnes de Mille, (niece), Peggy George, (niece)",,"Los Angeles, , California, U.S.",,,,1881-08-12,,,,1959-01-21,,,,,,1899–1958,,,,"Director, producer, screenwriter, editor, actor",,,,,,,,"4, including, Katherine DeMille, (adopted) and, Richard de Mille, (adopted)",Cecil Blount DeMille,,,"Constance Adams DeMille,  ,  , (, m., 1902),  ","Pennsylvania Military College, American Academy of Dramatic Arts",,,,,,,,,,,Republican,,
,,,,,,,,"Blanche Lasky,  ,  , (, m., 1910;, div., 1915),  , Frances Howard,  ,  , (, m., 1925),  ",,,,,,"Forest Lawn Memorial Park, ,, Glendale, California, , U.S.","Warsaw, ,, Kingdom of Poland, ,, Russian Empire",,,,,,,,,Samuel Goldfish,Samuel Goldwyn,,,,,,,,,,,,"Tony Goldwyn, (grandson), John Goldwyn, (grandson), Liz Goldwyn, (granddaughter)",,"Los Angeles, California, , U.S.",,,,"August 27, 1882",,,,1974-01-31,,,,,,1917–1959,,,,,,,,,,,,"2, including, Samuel Jr.",Szmuel Gelbfisz,,,,,,,,,,,,,,,,,
,,,,,,,,,,,,,,"Mount Vernon Cemetery, , Philadelphia, Pennsylvania","Philadelphia, ,, Pennsylvania, , U.S.",,,,,,,,,,John Barrymore,,,,,,,,,,,,"See, Barrymore family",,"Los Angeles, ,, California, , U.S.",,,,"February 14 or 15, 1882",,,,1942-05-29,,,,,,,,,,,,,,,,,,,John Sidney Blyth,,,,,,,,,,,,,,,,,
,,,,,,,,"Frances Cleveland (""Cleva"") Creighton,  ,  , (, m., 1905;, div., 1913),  , Hazel Bennett Hastings,  ,  , (, m., 1915),  ",,,,,,Forest Lawn Memorial Park (Glendale),"Colorado Springs, Colorado, , U.S.",,,,,"lonchaney, .com",,,,"Lon Chaney Sr., The Man of a Thousand Faces",Lon Chaney,,,,,,,,,,,,,,"Los Angeles, California, , U.S.",,,,1883-04-01,,,,1930-08-26,,,,,,1902–1930,,,,"Actor, director, screenwriter, makeup artist",,,,,,,,"Lon Chaney Jr., (born Creighton Tull Chaney)",Leonidas Frank Chaney,,,,,,,,,,,,,,,,,
,,,,,,,,,,,,,,Hollywood Forever Cemetery,"Denver, Colorado, , U.S.",,,,,,,,,,Douglas Fairbanks,,"Anna Beth Sully,  ,  , (, m., 1907;, div., 1919),  , Mary Pickford,  ,  , (, m., 1920;, div., 1936),  , Sylvia Ashley,  , (, m., 1936),  ",,,,,,,,,,,,"Santa Monica, California, , U.S.",,,,1883-05-23,,,,1939-12-12,,,,,,1899–1934,,,,"Actor, filmmaker",,,,,,,,Douglas Fairbanks Jr.,Douglas Elton Thomas Ullman,,,,,,,,,,,,,,,,,
,,,,,,,,,,,,,,Home of Peace Cemetery (East Los Angeles),Russian Empire,Metro-Goldwyn-Mayer,,,,,,,,"Louis Burt Mayer, Ezemiel Mayer, Louis Burton Mayer, Lazar Mayer,, Lazar Meir",Louis B. Mayer,,"Margaret Shenberg,  ,  , (, m., 1904;, div., 1947),  , Lorena Layson,  , (, m., 1948),  ",,,,,,,,,,,,"Los Angeles, California, , U.S.",,,,1884-07-12,,,,1957-10-29,,,,,,1915–1951,,,,"Film producer, Studio executive",,,,,,,,"2, including, Irene Mayer Selznick",Lazar Meir,,,,,,,,,,,,,,,Republican,Canadian-American,
,,,,,,,,"Gloria Swanson,  ,  , (, m., 1916;, div., 1918),  , Rita Gilman,  ,  , (, m., 1924;, div., 1939),  ",,,,,,"Forest Lawn Memorial Park, ,, Glendale, California, , U.S.","Clay County, Missouri, , U.S.",,,,,,,,,,Wallace Beery,,,,,,,,,,,,"Noah Beery Sr., (brother), Noah Beery Jr., (nephew)",,"Beverly Hills, California, , U.S.",,,,1885-04-01,,,,1949-04-15,,,,,,1904–1949,,,,"Actor, film director",,,,,,,,1,Wallace Fitzgerald Beery,,,,,,,,,,,,,,,,,
,,,,,,,,,,,,,,,,,,,,,,,,,Sessue Hayakawa,,,,,,Actor,,,,,,,,,,,,,,,,"November 23, 1973, (1973-11-23), (aged 87), Tokyo, , Japan",,,,,,1914–1966,,,,,,,,,,,,3,,,,"Tsuru Aoki,  ,  , (, m., 1914; died, 1961, ),  ",,,,,,,,,,,,,,
,,"Forest Lawn Memorial Park Cemetery, , Glendale, California, U.S.",,,,"Sam ""Frenchie"" Marx, Minnie Schönberg",,,,,,,,,"Manhattan, ,, New York, , U.S.",,,,,,,,,Leo Marx,Chico Marx,,"Betty Karp,  ,  , (, m., 1917;, div., 1940),  , Mary De Vithas,  ,  , (, m., 1958),  ",,,,,,,,,,"Harpo Marx, (brother), Groucho Marx, (brother), Gummo Marx, (brother), Zeppo Marx, (brother), Al Shean, (maternal uncle)",,"Hollywood, ,, California, , U.S.",,,,1887-03-22,,,,1961-10-11,,,,5 ft 6 in (168 cm),,1910–1960,,,,"Actor, comedian, pianist",,,,,,,,1,Leonard Joseph Marx,,,,,,,,,,,,,,,,,
,,,,,,,,,,,,,,,"Manhattan, ,, New York, , U.S.",,,,,,,,,,Harpo Marx,,,,,,,,,,,,"Groucho Marx, (younger brother), Chico Marx, (older brother), Gummo Marx, (younger brother), Zeppo Marx, (younger brother), Al Shean, (maternal uncle)",,"Los Angeles, ,, California, , U.S.",,,,1888-11-23,,,,1964-09-28,,,,,,1910–1963,,,,"Comedian, actor, mime artist, harpist",,,,,,,,4,Adolph Marx,,,"Susan Fleming,  , (, m., 1936),  ",,,,,,,"Sam ""Frenchie"" Marx, Minnie Schönberg",,,,,,,
,,"Cimetière de Corsier-sur-Vevey, Corsier-sur-Vevey, Switzerland",,,,"Charles Chaplin Sr., Hannah Hill",,,,,,,,,"London, , England",,,,,"charliechaplin, .com",,,,,Charlie Chaplin,,"Mildred Harris,  ,  , (, m., 1918;, div., 1920),  , Lita Grey,  ,  , (, m., 1924;, div., 1927),  , Paulette Goddard,  ,  , (, m., 1936;, div., 1942),  , Oona O'Neill,  , (, m., 1943),  ",,,,,,,,,,Chaplin family,,"Corsier-sur-Vevey, , Switzerland",Full list,,,1889-04-16,,,,1977-12-25,,,,,,1899–1975,,,,"Actor, comedian, director, composer, screenwriter, producer, editor",,,,,,,,"11, including, Charles, ,, Sydney, ,, Geraldine, ,, Michael, ,, Josephine, ,, Victoria, ,, Eugene, and, Christopher",Charles Spencer Chaplin,,,,,,,,,,,,,,,,,
,,,,,,,,,,,,"Treasure Island, Captains Courageous, The Wizard of Oz, Gone with the Wind, Dr. Jekyll and Mr. Hyde, Joan of Arc",,Hollywood Forever Cemetery,"La Cañada Flintridge, California, , U.S.",,,,,,,,,,Victor Fleming,,,,,,,,,,,,,,"Cottonwood, Arizona, , U.S.",,,,1889-02-23,,,,1949-01-06,,,,,,1910–1949,,,,"director, cinematographer, producer",,,,,,,,,Victor Lonzo Fleming,,,Lucile Rosson (1933–1949),,,,,,,,,,,,,,
,,,,,,,,,,,,,,,"Ulverston, ,, Lancashire, , England",,,,,"laurel-and-hardy, .com",,,,,Stan Laurel,,"Lois Neilson,  ,  , (, m., 1926;, div., 1935),  , Virginia Ruth Rogers,  ,  , (, m., 1935;, div., 1937),  ,  ,  , (, m., 1941;, div., 1946),  , Vera Ivanova Shuvalova,  ,  , (, m., 1938;, div., 1940),  , Ida Kitaeva Raphael,  , (, m., 1946),  ",,,,,,,,,,,,"Santa Monica, California, , United States",,,,1890-06-16,,,,1965-02-23,,,,,,1906–1957,"Mae Dahlberg, (1917–1925)",,,"Actor, writer, comedian, entertainer, film director",,,,,,,,2,Arthur Stanley Jefferson,,,,,,,,,,,,,,,,,
,,,,,,"Sam ""Frenchie"" Marx, Minnie Schönberg",,,,,,,,Eden Memorial Park Cemetery,,,,"Chico Marx, (older brother), Harpo Marx, (older brother), Gummo Marx, (younger brother), Zeppo Marx, (younger brother), Al Shean, (maternal uncle)","Wit, wordplay, slapstick",,,,,,Groucho Marx,,,,,,,,,,,,,,,,,,,,,"Film, television, stage, radio, music","August 19, 1977, (1977-08-19), (aged 86), Los Angeles, California, , U.S.",,,,,,1905–1976,,,,,,,,,,,,"Arthur Marx, Miriam Marx, Melinda Marx",Julius Henry Marx,,,"Ruth Johnson,  ,  , (, m., 1920;, div., 1942),  , Kay Marvis Gorcey,  ,  , (, m., 1945;, div., 1951),  , Eden Hartford,  ,  , (, m., 1954;, div., 1969),  ",,,,,,,,,,,,,,
,,,,,,,,,,,,,,"Home of Peace Cemetery, ,, East Los Angeles, California, , U.S.","London, ,, Ontario, , Canada",,,,,,,,,Jack Leonard Warner,Jack L. Warner,,"Irma Claire Salomon,  ,  , (, m., 1914;, div., 1935),  , Ann Page,  , (, m., 1936),  ",,,,Film executive,,,,,,"brothers, Harry, ,, Albert, , and, Sam Warner",,"Los Angeles, ,, California, , U.S.",,,,1892-08-02,,,,1978-09-09,,,,,,1918–1973,,,,,,,,,,,,"3, including, Jack M. Warner, and stepdaughter, Joy Page",Jacob Warner,,,,,,,,,,,,,,,Republican,,
,,,,,,,,"Madelyn Saloshin,  ,  , (, m., 1913;, div., 1921),  , Myrtle Reeves,  ,  , (, m., 1921;, div., 1937),  , Virginia Lucille Jones,  ,  , (, m., 1940),  ",,,,,,,"Harlem, Georgia, , U.S.",,,,,,,,,,Oliver Hardy,,,,,,Actor,,,,,,,,"North Hollywood, Los Angeles, , California, U.S.",,,,1892-01-18,,,,1957-08-07,,,,,,1914–1955,,,,,,,,,,,,,Norvell Hardy,,,,,,,,,,,,,,,,,
,,,,,,,,,,,,,,Forest Lawn Memorial Park (Glendale),"Berlin, ,, German Empire",,,,,,,,,,Ernst Lubitsch,,"Helene Kraus,  ,  , (, m., 1922;, div., 1930),  , Vivian Gaye,  ,  , (, m., 1935;, div., 1944),  ",,,,,,,,,,,,"Los Angeles, , California, U.S.",,,,1892-01-29,,,,1947-11-30,,,,,,1913–1947,,,,"Film director, producer, writer, actor",,,,,,,,1,,,,,,,,,,,,,,,,,,
,,"Forest Lawn Memorial Park, ,, Glendale, California",,,,,,,,,,,,,"Toronto, ,, Ontario, , Canada",,,,,Mary Pickford Foundation,,,,,Mary Pickford,,"Owen Moore,  ,  , (, m., 1911;, div., 1920),  , Douglas Fairbanks,  ,  , (, m., 1920;, div., 1936),  , Charles ""Buddy"" Rogers,  ,  , (, m., 1937),  ",,,,,,"British subject (1892–1920), United States (1920–1979), Canada (1978–1979)",,,,"Lottie Pickford, (sister), Jack Pickford, (brother)",,"Santa Monica, California, , U.S.",,,,1892-04-08,,,,1979-05-29,,,,,,1900–1955,,,,"Actress, producer, screenwriter, businesswoman",,,,,,,"Charlotte Hennessey, (mother)",2,Gladys Marie Smith,,,,,,,,,,,,,,,,,
,,,,,,,,"Eileen Wilson,  ,  , (, m., 1915;, div., 1930),  , Carole Lombard,  ,  , (, m., 1931;, div., 1933),  , Diana Lewis,  ,  , (, m., 1940),  ",,,,,,"Desert Memorial Park, ,, Cathedral City, California, , U.S.","Pittsburgh, Pennsylvania, , U.S.",,,,,,,,,,William Powell,,,,,,Actor,,,,,,,,"Palm Springs, California, , U.S.",,,,1892-07-29,,,,1984-03-05,,,,,,1911–1955,,,,,,,,,,,,William David Powell,William Horatio Powell,,,,,,,,,,,,,,,,,
,,,,,,,,,,,,,,"Beth El Cemetery,, Ridgewood, ,, Queens","Bucharest, ,, Kingdom of Romania",,,,,,,,,,Edward G. Robinson,,"Gladys Lloyd,  ,  , (, m., 1927;, div., 1956),  , Jane Robinson,  , (, m., 1958),  ",,,,Actor,,,,,,,,"Los Angeles, ,, California, , U.S.",,,"Honorary Academy Award, (1973), Screen Actors Guild Life Achievement Award, (1969)",1893-12-12,,,,1973-01-26,,,,,,1913–1973,,,,,,,,,,,,Edward G. Robinson Jr.,Emanuel Goldenberg,,,,,,,,,,,,,,,Democratic,,
,,,,,,,,,,,,,,Forest Lawn Memorial Park,"Burchard, Nebraska, , U.S.",,,,,,,,,,Harold Lloyd,,,,,,,,,,,,,,"Beverly Hills, California, , U.S.",,,,1893-04-20,,,,1971-03-08,,,,,,1913–1963,,,,"Actor, comedian, producer, stunt performer",,,,,,,,"3, including, Harold Lloyd Jr.",Harold Clayton Lloyd,,,"Mildred Davis,  ,  , (, m., 1923; died 1969),  ",,,,,,,,,,,,,,
,,,,,,,,,,,,,,Cypress Hills Cemetery,"Brooklyn, New York, , U.S.",,,,,,,,,,Mae West,,,,,,,,,,,,,,"Los Angeles, California, , U.S.",,,,1893-08-17,,,,1980-11-22,,,,,,1907–1978,Paul Novak (1954–1980; her death),,,"Actress, singer, playwright, screenwriter",,,,,,,,,Mary Jane West,,,"Frank Wallace,  ,  , (, m., 1911;, div., 1943),  ",,,,,,,,,,,,,,
,,,,,,,,"Jeanne Olsen,  ,  , (, m., 1921; died 1943),  , Margie Little,  , (, m., 1960),  ",,,,,,"Holy Cross Cemetery, Culver City","New York City, , U.S.",,,,,,,,,"The Schnoz, The Great Schnozzola",Jimmy Durante,,,,,,,,,,,,,,"Santa Monica, California, , U.S.",,,,1893-02-10,,,,1980-01-29,,,,,,1920–1972,,,,"Comedian, actor, singer, pianist",,,,,,,,1 (adopted),James Francis Durante,,,,,,,,,,,,,,,Democratic,,
,,,,,,,,,,,,,,,"Springfield, Ohio, , U.S.",,,,,"lilliangish, .com",,,,,Lillian Gish,,,,,,,,,,,,"Dorothy Gish, (sister)",,"New York City, , U.S.",,,,1893-10-14,,,,1993-02-27,,,,,,1902–1988,,,,"Actress, director, screenwriter",,,,,,,"Mary Robinson McConnell, (mother)",,Lillian Diana Gish,,,,,,,,,,,,,,,Republican,,
,,,,,,,,,,,,,,Angelus-Rosedale Cemetery,"Wichita, Kansas, , U.S.",,,,,,,,,,Hattie McDaniel,,"Howard Hickman,  ,  , (, m., 1911; died 1915),  , George Langford,  ,  , (, m., 1922; died 1925),  , James Lloyd Crawford,  ,  , (, m., 1941;, div., 1945),  , Larry Williams,  ,  , (, m., 1949;, div., 1950),  ",,,,,,,,,,"Etta McDaniel, (sister), Sam McDaniel, (brother)",,"Los Angeles, California",,,,1893-06-10,,,,1952-10-26,,,,,,1920–1952,,,,,,,,,,,,,,,,,,,"Actress, singer-songwriter and comedian",,,,,,,,,,,
,,,,,,"Sam ""Frenchie"" Marx, Minnie Schönberg",,,,,,,,"Forest Lawn Memorial Park Cemetery, , Glendale, California, U. S.","Manhattan, , New York, U.S.",,,,,,,,,,Gummo Marx,,,,,,,,,,,,"Chico Marx, (older brother), Harpo Marx, (older brother), Groucho Marx, (older brother), Zeppo Marx, (younger brother), Al Shean, (maternal uncle)",,"Palm Springs, , California, U.S.",,,,1892-10-23,,,,1977-04-21,,,,,,1899−1960,,,,"Vaudevillian, actor, comedian, theatrical agent",,,,,,,,1,Milton Marx,,,"Helen von Tilzer,  ,  , (, m., 1929; died 1976),  ",,,,,,,,,,,,,,
,,,,,,,,"Joseph M. Schenck,  ,  , (, m., 1916;, div., 1934),  , George Jessel,  ,  , (, m., 1934;, div., 1939),  , Carvel James,  , (, m., 1946),  ",,,,,,Hollywood Forever Cemetery,"Jersey City, New Jersey, , U.S.",,,,,,,,,,Norma Talmadge,,,,,,,,,,,,"Natalie Talmadge, (sister), Constance Talmadge, (sister)",,"Las Vegas, Nevada, , U.S.",,,,1894-05-02,,,,1957-12-24,,,,,,1909–1930,,,,,,,,,,,,,Norma Marie Talmadge,,,,,,"Actress, producer",,,,,,,,,,,
,,,,,,,"Commander, (active), Rear Admiral, (reserve)",,,,,,United States Navy,"Holy Cross Cemetery, Culver City, California","Cape Elizabeth, Maine, , U.S.",,,,,,"1942–1945 (active), 1946–1962 (reserve)",,,,John Ford,,,,,,Film director/producer,,,,,,,,"Palm Desert, California, , U.S.",,,"Legion of Merit, with, Combat ""V"", Purple Heart, Meritorious Service Medal, Air Medal, American Campaign Medal, European–African–Middle Eastern Campaign Medal, Asiatic–Pacific Campaign Medal, World War II Victory Medal",1894-02-01,,,,1973-08-31,United States,,,,,1913–1966,,,,,,,,,,,,2,John Martin Feeney,,,"Mary McBride Smith,  , (, m., 1920),  ",,,,"Office of Strategic Services, 11th Naval District, USS, Philippine Sea, (CV-47)",,,,,,,,Republican,,
,,,,,,,,"Florence Arto,  ,  , (, m., 1915;, div., 1924),  , Eleanor Boardman,  ,  , (, m., 1926;, div., 1931),  , Elizabeth Hill,  ,  , (, m., 1932⁠–⁠1978),  , her death",,,,,,,"Galveston, Texas, , U.S.",,,,,,,,,King W. Vidor,King Vidor,,,,,,,,,,,,,,"Paso Robles, California, , U.S.",,,,1894-02-08,,,,1982-11-01,,,,,,1913–1980,,,,"Film director, producer, screenwriter",,,,,,,,,,,,,,,,,,,,,,,,,,
,,"Hollywood Forever Cemetery, (, Los Angeles, ,, California, , U.S.)",,,,,,"Jean Acker,  ,  , (, m., 1919;, div., 1923),  , Natacha Rambova,  ,  , (, m., 1923;, div., 1925),  ",,,,,,,"Castellaneta, , Italy",,,,,,,,,,Rudolph Valentino,,,,,,Actor,,,,,,,,"New York City, , U.S.",,,,1895-05-06,,,,1926-08-23,,,,,,1914–1926,,,,,,,,,,,,,Rodolfo Pietro Filiberto Raffaello Guglielmi di Valentina d'Antonguolla,,,,,,,,,,,,,,,,,
,,,,,,,,,,,,,,"Forest Lawn Memorial Park, ,, Hollywood Hills, , California","Piqua, Kansas, , U.S.",,,,,,,,,,Buster Keaton,,"Natalie Talmadge,  ,  , (, m., 1921;, div., 1932),  , Mae Scriven,  ,  , (, m., 1933;, div., 1936),  , Eleanor Keaton,  , (, m., 1940),  ",,,,,,,,,,,,"Los Angeles, California, , U.S.",Full list,,,1895-10-04,,,,1966-02-01,,,,,,1899–1966,,,,"Actor, comedian, filmmaker, stuntman",,,,,,,,2,Joseph Frank Keaton,,,,,,,,,,"Joe Keaton, (father), Myra Cutler, (mother)",,,,,,,
,,,,,,,,,,,,,,,"San Gabriel, Jalisco, , Mexico",,,,,,,,,"Fray José de Guadalupe, Mojica,, OFM",José Mojica,,,,,,,,,,,,,,"Lima, , Peru",,,,1895-09-14,,,,1974-09-20,,,,,,"1947–1974 (religious), 1930–1966 (actor), 1919–1940 (opera singer)",,,,"Opera singer, actor, friar",,,,,,,,,Crescenciano Abel Exaltación de la Cruz José de Jesús Mojica Montenegro y Chavarín,Franciscan,,,,,,,,,,,,,,,,
,,,,,,,,,,,,,,,"Quincy, Massachusetts, , U.S.",,"Jed Harris, (1929 - c. 1930s)",,,,,,,,Ruth Gordon,,"Gregory Kelly,  ,  , (, m., 1921; died 1927),  , Garson Kanin,  ,  , (, m., 1942),  ",,,,,,,,,,,,"Edgartown, Massachusetts, , U.S.",,,,1896-10-30,,,,1985-08-28,,,,,,1915–1985,,,,"Actress, writer",,,,,,,,1,Ruth Gordon Jones,,,,,,,,,,,,,,,,,
,,Coachella Valley Public Cemetery,,,"World War I, World War II",,Colonel,"Helen Howell,  ,  , (, m., 1923;, div., 1928),  , Lucille Warner,  ,  , (, m., 1932; died 1984),  ",,,,,United States Army,,"Bisacquino, ,, Sicily, ,, Italy",,,,,,"1918, 1941–1945",,,Frank Russell Capra,Frank Capra,,,,,,,,"Italy, United States (from 1920)",,,,,,"La Quinta, California, , U.S.",,,"Distinguished Service Medal, Legion of Merit, World War I Victory Medal, American Defense Service Medal, American Campaign Medal, World War II Victory Medal",1897-05-18,,,,1991-09-03,United States,,,,,1922–1964,,,,,,,,,,,,"4, including, Frank Jr.",Francesco Rosario Capra,,,,California Institute of Technology,"President of the, Academy of Motion Picture Arts and Sciences, 1935–1939","Film director, producer, writer",Army Signal Corps,,,,,,,,Republican,,
,,,,,,,,,,,,,,Hollywood Forever Cemetery,"Brooklyn, New York, , U.S.",,,,,,,,,,Marion Davies,,,,,,,,,,,,"Rosemary Davies, (sister), Reine Davies, (sister), Charles Lederer, (nephew), Pepi Lederer, (niece)",,"Los Angeles, California, , U.S.",,,,1897-01-03,,,,1961-09-22,,,,,,1914–1937,"William Randolph Hearst, (1917–1951; his death)",,,"Actress, producer, screenwriter, philanthropist",,,,,,,,"Patricia Lake, (alleged)",Marion Cecilia Douras,,,"Horace G. Brown,  , (, m., 1951),  ",,,,,,,,,,,,,,
,,,,,,,,,,,,,,,"San Francisco, , California, U.S.",,,,,,,,,,Dorothy Arzner,,,,,,Film director,,,,,,,,"La Quinta, California, , U.S.",,,,1897-01-03,,,,1979-10-01,,,,,,1922–1943,"Marion Morgan, (1927–1971; her death)",,,,,,,,,,,,Dorothy Emma Arzner,,,,,,,,,,,,,,,,,
,,,,,,,,"Charles Head,  ,  , (, m., 1923;, div., 1938),  , Wiard Ihnen,  ,  , (, m., 1940; died 1979),  ",,,,,,"Forest Lawn Memorial Park, ,, Glendale, California","San Bernardino, California, ,, U.S.",,,,,,,,,,Edith Head,,,,,,,,,,,,,,"Los Angeles, ,, California, , U.S.",,,,1897-10-28,,,,1981-10-24,,,,,,1924–1981,,,,,,,,,,,,,Edith Claire Posener,,,,"University of California, Berkeley, (, B.A., , 1919), Stanford University, (, M.A., , 1920)",,,,,,,,,,,,,
,,,,,,,,,,,,,,Forest Lawn Memorial Park (Glendale),"Chicago, Illinois, , U.S.",,,,,,,,,,Hal B. Wallis,,"Louise Fazenda,  ,  , (, m., 1927; died 1962),  , Martha Hyer,  , (, m., 1966),  ",,,,Film producer,,,,,,,,"Rancho Mirage, California, , U.S.",,,,1898-10-19,,,,1986-10-05,,,,,,1923–1983,,,,,,,,,,,,1,Aaron Blum Wolowicz,,,,,,,,,,,,,,,,,
,,,,,World War I,,Second lieutenant,"Marion DuPont,  ,  , (, m., 1936;, div., 1939),  , Patricia Stillman,  ,  , (, m., 1944),  ",,,,,United States Army,"Elmwood Cemetery in, Charlotte, North Carolina","Orange County, Virginia, , U.S.",,,,,,1917–1919,,,,Randolph Scott,,,,,,Actor,,,,,,,,"Beverly Hills, California, , U.S.",,,,1898-01-23,,,,1987-03-02,United States,,,,,1928–1962,,,,,,,,,,,,,George Randolph Scott,,,,,,,2nd Trench Mortar Battalion,,,,,,,,,,
,,,,,,,,,,,,,,,"Louisville, Kentucky, , U.S.","Technicolor, (1965), California Arts Commission, (1967–1970)",,,"Popular, Show tune",Irene Dunne Guild,,,,"The First Lady of Hollywood, Irene Dunne Griffin",Irene Dunne,,,,,,,,,,,,,,"Los Angeles, California, , U.S.",,,See list,1898-12-20,,,,1990-09-04,,,,,Decca Records,1920-1987,,,,"Actress, singer, philanthropist",,,,,,Vocals,,1,Irene Marie Dunn,,,"Francis Dennis Griffin,  ,  , (, m., 1927; died 1965),  ","University of Indianapolis, Chicago Musical College","Dame, of the Holy Sepulchre, Delegate to the, United Nations, President of Santa Monica's St. John's Hospital Guild, Chairman of the Field Army, American Cancer Society, Co-Chairman of the, American Heart Association, Co-Chairman of the, American Red Cross",,,,,,,,,,Republican,,
,,,,"Vocals, percussion, piano, accordion, clarinet",,,,,,,,,,Oakwood Memorial Park Cemetery,"Omaha, Nebraska, , U.S.",,,,,,,,,,Fred Astaire,,"Phyllis Livingston Potter,  ,  , (, m., 1933; died 1954),  , Robyn Smith,  ,  , (, m., 1980),  ",,,,,,,,,,"Adele Astaire, (sister)",,"Los Angeles, ,, California, , U.S.",,,Full list,1899-05-10,,,,1987-06-22,,,,,"MGM Records, RCA Victor, Decca Records, Columbia Records, Brunswick Records",1904–1981,,,,"Dancer, choreographer, singer, actor, presenter",,,,,,,,2,Frederick Austerlitz,,,,,,,,,,,,,,,,,
,,,,,,,,,,,,,,"Church of the Heavenly Rest, , New York City","Chicago, Illinois, , U.S.",,,,,,,,,Gloria Mae,Gloria Swanson,,"Wallace Beery,  ,  , (, m., 1916;, div., 1918),  , Herbert K. Somborn,  ,  , (, m., 1919;, div., 1922),  , Henry de La Falaise,  ,  , (, m., 1925;, div., 1931),  , Michael Farmer,  ,  , (, m., 1931;, div., 1934),  , William Davey,  ,  , (, m., 1945;, div., 1946),  , William Dufty,  , (, m., 1976),  ",,,,,,,,,,,,"New York City, , U.S.",,,,1899-03-27,,,,1983-04-04,,,,,,1914–1983,,,,,,,,,,,,3,Gloria May Josephine Swanson,,,,,,,,,,,,,,,Republican,,
,,,,,,,,,,,,,,"Forest Lawn Memorial Park, ,, Glendale, California","Brooklyn, , New York, U.S.",,,,,,,,,,Irving Thalberg,,,,,,,,,,,,"Sylvia Thalberg, (sister)",,"Santa Monica, California, , U.S.",,,,1899-05-30,,,,1936-09-14,,,,,,1921–1936,,,,,,,,,,,,"Irving Thalberg Jr., (1930–1987), Katharine Thalberg, (1935–2006)",,,,"Norma Shearer,  , (, m., 1927),  ",,,"Film producer, director, studio manager",,,,,,,,,,American,
,,,,,,,,,,,,,,Gate of Heaven Cemetery,"New York City, U.S.",,,,,,,,,,James Cagney,,,,,,,George Murphy,,,,,"Harry Cagney (brother), Edward Cagney (brother), William Cagney, (brother), Jeanne Cagney, (sister)",,"Stanford, New York, , U.S.",,,,1899-07-17,,,,1986-03-30,,,,,,"1919–1961; 1981, 1984",,,,"Actor, dancer, film director",,,,,,,,2,James Francis Cagney Jr.,,,"Frances Vernon,  , (, m., 1922),  ",,,,,,,,,,Edward Arnold,,,,
,,,,,,,,,,,,,,,"Leytonstone, ,, Essex, , England",,,,,,,,,,Alfred Hitchcock,,,,,,,,"United Kingdom, United States (1955–1980)",,,,,"Salesian College, Battersea","Los Angeles, California, U.S.",,,Full list,1899-08-13,,,,1980-04-29,,,,,,1919–1980,,,,"Film director, editor, film producer, screenwriter, actor",,,,,,,,Pat Hitchcock,Alfred Joseph Hitchcock,,,"Alma Reville,  , (, m., 1926),  ",St Ignatius' College,,,,,,,,,,"Rebecca, ,, Shadow of a Doubt, ,, Notorious, ,, Strangers on a Train, ,, Rear Window, ,, Vertigo, ,, North by Northwest, ,, Psycho, ,, The Birds, ,, Family Plot",,,
,,,,,World War I,,,,,,,,United States Navy,"Forest Lawn Memorial Park, Glendale, California","New York City, U.S.",,,,,,1918–1919,,,,Humphrey Bogart,,"Helen Menken,  ,  , (, m., 1926;, div., 1927),  , Mary Philips,  ,  , (, m., 1928;, div., 1937),  , Mayo Methot,  ,  , (, m., 1938;, div., 1945),  , Lauren Bacall,  , (, m., 1945),  ",,,,Actor,,,,,,,,"Los Angeles, California, U.S.",,,"Best Actor 1952, The African Queen",1899-12-25,,,,1957-01-14,,,,,,1921–1956,,,,,,,,,,,"Maud Humphrey, (mother)","2, including, Stephen Humphrey",Humphrey DeForest Bogart,,,,,,,,,,,,,,,Democratic,,
,,,,,,,,,,,,,,Forest Lawn Memorial Park (Glendale),"New York City, U.S.",,,,,,,,,,George Cukor,,,,,,,,,,,,,,"Los Angeles, California, U.S.",,,"Academy Award for Best Director, 1965, My Fair Lady, Golden Globe Award for Best Director, 1965, My Fair Lady",1899-07-07,,,,1983-01-24,,,,,,1930–1981,,,,"Film director, producer",,,,,,,,,George Dewey Cukor,,,,,,,,,,,,,,,,,
,,,,,,,,,,,,,,Calvary Cemetery,"Durango City, ,, Durango, , Mexico",,,,,,,,,"Ramon Samaniego, Ramón Samaniego, Ramon Samaniegos",Ramon Novarro,,,,,,,,,,,,"Dolores del Río, (cousin), Andrea Palma, (cousin), Julio Bracho, (cousin)",,"North Hollywood, ,, Los Angeles, ,, California, , U.S.",,,"Hollywood Walk of Fame, (Motion Picture)",1899-02-06,,,,1968-10-30,,,,,,1917–1968,,,"Asphyxiation, (murdered)",,,,,,,,,,José Ramón Gil Samaniego,,,,,,,,,,,,,,,,,
,,"Forest Lawn Memorial Park, Glendale",,,,,,,,,,,,,"Milwaukee, , Wisconsin, U.S.",,,,,,,,,,Spencer Tracy,,,,,,Actor,,,,,,,,"Beverly Hills, California, , U.S.",,,,1900-04-05,,,,1967-06-10,,,,,,1921–1967,"Katharine Hepburn, (1941–1967)",,,,,,,,,,,2,,,,"Louise Treadwell,  ,  , (, m., 1923;, sep., 1933),  ","Ripon College, Wisconsin",,,,,,,,,,,,,
,,,,,,,,"Julian Anker,  ,  , (, m., 1928;, annul., 1928),  , Frank Ross Jr.,  ,  , (, m., 1932;, div., 1949),  ",,,,,,,"Plattsburgh, New York, , U.S.",,,,,,,,,,Jean Arthur,,,,,,Actress,,,,,,,,"Carmel-by-the-Sea, California, , U.S.",,,,1900-10-17,,,,1991-06-19,,,,,,1923–1975,,,,,,,,,,,,,Gladys Georgianna Greene,,,,,,,,,,,,,,,,,
,,,,,,,,,,,,,,,"Washington, D.C., U.S.",,,,,,,,,,Helen Hayes,,,,,,Actress,,,,,,,,"Nyack, New York, , U.S.",,,,1900-10-10,,,,1993-03-17,,,,,,1905–1987,,,,,,,,,,,,"2, including, James MacArthur",Helen Hayes Brown,,,"Charles MacArthur,  ,  , (, m., 1928; died 1956),  ",,,,,,,,,,,,,,
,,,,,,,,,,,,,,Forest Lawn Memorial Park (Glendale),"San Francisco, ,, California, , U.S.",,,,,,,,,,Mervyn LeRoy,,"Edna Murphy,  ,  , (, m., 1927;, div., 1932),  , Doris Warner,  ,  , (, m., 1934;, div., 1942),  , Katherine Spiegel,  , (, m., 1946),  ",,,,,,,"First National Pictures, (1927–1929), Warner Bros., (1929–1938), Metro-Goldwyn-Mayer, (1938–1945) (1948–1954), Warner Bros. (1955–1959)",,,,,"Beverly Hills, , California, U.S.",,,,1900-10-15,,,,1987-09-13,,,,,,1928–1968,,,,"Film director, producer",,,,,,,,"2, including, Warner LeRoy",,,,,,,,,,,,,,,,,,
,,,,,,,Major,,,,,,"United States Army Air Forces, United States Air Force","Forest Lawn Memorial Park, Glendale, California, , U.S.","Cadiz, Ohio, , U.S.",,,,,,1942–1947,,,The King of Hollywood,Clark Gable,,"Josephine Dillon,  ,  , (, m., 1924;, div., 1930),  , Maria Langham,  ,  , (, m., 1931;, div., 1939),  , Carole Lombard,  ,  , (, m., 1939; died 1942),  , Sylvia Ashley,  ,  , (, m., 1949;, div., 1952),  , Kay Williams,  , (, m., 1955),  ",,,,Actor,,,,,,"Clark James Gable, (grandson)",,"Los Angeles, ,, California, , U.S.",,,"Distinguished Flying Cross, Air Medal, American Campaign Medal, European–African–Middle Eastern Campaign Medal, World War II Victory Medal",1901-02-01,,,,"November 16, 1960, 1960-11-16, aged 59",United States,,,,,1918–1960,,,,,,,,,,,,"2, including, Judy Lewis",William Clark Gable,,,,,,,"351st Bomb Group, 18th AAF Base Unit",,,,,,,,Republican,,
,,,,,,,,,,,,,,"Forest Lawn Memorial Park, Glendale, California","Chicago, Illinois, U.S.",,,,,,,,,,Walt Disney,,,,,,,,,,,,Disney family,,"Burbank, California, , U.S.",,,"26, Academy Awards, (22 competitive, 4 honorary), 3, Golden Globe Awards, 1, Emmy Award",1901-12-05,,,,1966-12-15,,,,,,,,,,"Animator, film producer, entrepreneur",,,,,,,,"2, including, Diane Disney Miller",Walter Elias Disney,,,"Lillian Disney,  , (, m., 1925),  ",,"President of, The Walt Disney Company",,,,,,,,,,,,
,,,,,,,,,,,,,,"Sacred Hearts Cemetery, New York, , U.S.","Helena, Montana, , U.S.",,,,,"garycooper, .com",,,,Coop,Gary Cooper,,,,,,Actor,,,,,,,Grinnell College,"Los Angeles, ,, California, , U.S.",,,,1901-05-07,,,,1961-05-13,,,,,,1925–1961,,,,,,,,,,,,1,Frank James Cooper,,,"Veronica Balfe,  , (, m., 1933),  ",,,,,,,,,,,,Republican,,
,,,,,,,,,,,,,,Städtischer Friedhof III,"Berlin, , Germany",,,,,,,,,,Marlene Dietrich,,,,,,,,,,,,"J. Michael Riva, (grandson), Peter Riva, (grandson)",,"Paris, , France",,,,1901-12-27,,,,1992-05-06,,,,,,1919–1984,,,,"Actress, singer",,,,,,,,Maria Riva,Marie Magdalene Dietrich,,,"Rudolf Sieber,  ,  , (, m., 1923; died 1976),  ",,,,,,,,,,,,,"German until 1939, American",
,,,,,,"Sam ""Frenchie"" Marx, Minnie Schönberg",,"Marion Benda,  ,  , (, m., 1927;, div., 1954),  , Barbara Blakeley,  ,  , (, m., 1959;, div., 1973),  ",,,,"Duck Soup, ,, Monkey Business, ,, Marman Clamp",,"Ashes scattered in the, Pacific Ocean","Manhattan, ,, New York, , U.S.",,,,,,,,,Herbert Marx,Zeppo Marx,,,,,,,,,,,,"Chico Marx, (older brother), Harpo Marx, (older brother), Groucho Marx, (older brother), Gummo Marx, (older brother), Al Shean, (maternal uncle)",,"Eisenhower Medical Center, ,, Rancho Mirage, California, , U.S.",,,,1901-02-25,,,,1979-11-30,,,,,,1918−1978,,,,"Actor, comedian, theatrical agent, engineer",,,,,,,,2,Herbert Manfred Marx,,,,,,,,,,,,,,,,,
,,,,,,"Lewis J. Selznick, Florence Sachs",,"Irene Mayer Selznick,  ,  , (, m., 1930;, div., 1949),  , Jennifer Jones,  , (, m., 1949),  ",,,,,,"Forest Lawn Memorial Park, Glendale, California","Pittsburgh, Pennsylvania, , U.S.",,,,,,,,,Oliver Jeffries,David O. Selznick,,,,,,,,,,,,"Myron Selznick, (brother)",,"Los Angeles, California, , U.S.",,,,1902-05-10,,,,1965-06-22,,,,,,1923–1957,,,,"Film producer, screenwriter, film studio executive",,,,,,,,3,David Selznick,,,,,,,,,,,,,,,Republican,,
,,,,,,,Lieutenant Colonel,"Margaret Sullavan,  ,  , (, m., 1934;, div., 1936),  , Margaret Tallichet,  ,  , (, m., 1938),  ",,,,,"United States Army National Guard, United States Army Air Forces","Forest Lawn Memorial Park, ,, Glendale, California, , U.S.","Mülhausen, ,, Alsace-Lorraine, ,, German Empire, (present-day, France, )",,,,,,"1921–1922, (National Guard), 1942–1945, (Army Air Forces)",,,,William Wyler,,,,,,,,,,,,"Carl Laemmle Jr., (cousin)",,"Beverly Hills, California, , U.S.",,,"Purple Heart, American Campaign Medal, European–African–Middle Eastern Campaign Medal, World War II Victory Medal",1902-07-01,,,,1981-07-27,United States,,,,,1925–1970,,,,"Film director, producer",,,,,,,,5,Willi Wyler,,,,,,,"Army Signal Corps, New York Army National Guard",,,,,,,,,,
,,,,,,,,"Irving Thalberg,  ,  , (, m., 1927; died 1936),  , Martin Arrougé,  ,  , (, m., 1942),  ",,,,,,"Forest Lawn Memorial Park, Glendale","Montreal, , Quebec, Canada",,,,,,,,,,Norma Shearer,,,,,,Actress,,"Canadian, American",,,,"Athole Shearer, (sister), Douglas Shearer, (brother), Cresswell Shearer, (uncle)",,"Los Angeles, California, , U.S.",,,,1902-08-11,,,,1983-06-12,,,,,,1919–1950s,,,,,,,,,,,"Andrew Shearer, (father)","2, including, Irving Thalberg Jr.",Edith Norma Shearer,,,,,,,,,,,,,,,Republican,,
,,,,,,,,,,,,,,Holy Cross Cemetery,"Tacoma, Washington, , U.S.",,,,"Traditional pop, jazz, easy listening","bingcrosby, .com",,,,,Bing Crosby,,"Dixie Lee,  ,  , (, m., 1930; died 1952),  , Kathryn Grant,  , (, m., 1957),  ",,,,,,,,,,"Larry Crosby, (brother), Bob Crosby, (brother), Denise Crosby, (granddaughter), Chris Crosby, (nephew)",,"Alcobendas, , Spain",,,,1903-05-03,,,,1977-10-14,,,,,"Decca, Columbia, RCA Victor, Brunswick, Reprise, Capitol, Verve, United Artists",1923–1977,,,,"Singer, actor",,,,,,,,"Gary, ,, Dennis, ,, Phillip, ,, Lindsay, (with Dixie), Harry III, ,, Mary, ,, Nathaniel, (with Kathryn)",Harry Lillis Crosby Jr.,,,,Gonzaga University,,,,,,,,,,,,,
,,,,,,,,,,,,,,San Fernando Mission Cemetery,"Eltham, ,, London, , England",,,,"Traditional pop, easy listening, comedy","bobhope, .com",,,,"Les Hope, Packy East",Bob Hope,,,,,,,,,,,,"Jack Hope, (brother)",,"Los Angeles, California, , U.S.",,,Full list,1903-05-29,,,,2003-07-27,,,,5 ft 10 in (178 cm),,1924–1998,,,,"Comedian, vaudevillian, actor, singer, dancer",,,,"1 (see, Bob Hope boxing record, )",,Vocals,,4,Leslie Townes Hope,,72 in (183 cm),"Grace Louise Troxell,  ,  , (, m., 1933;, div., 1934),  , Dolores Hope,  , (, m., 1934),  ",,,,,3,,,,"Super featherweight, (128 lb)",,,,,
,,,,,,,,,,,,"It Happened One Night, Private Worlds, Since You Went Away, Cleopatra, The Palm Beach Story, The Marriage-Go-Round",,"Godings Bay Church Cemetery, Speightstown,, Saint Peter, Barbados, 13°14′28″N, 59°38′32″W, ﻿ / ﻿, 13.241235°N 59.642320°W, ﻿ /, 13.241235; -59.642320","Saint-Mandé, , France",,,,,,,,,Lily Claudette Chauchoin,Claudette Colbert,,"Norman Foster,  ,  , (, m., 1928;, div., 1935),  , Joel Pressman,  ,  , (, m., 1935; died 1968),  ",,,,Actress,,,,,,,Washington Irving High School,"Speightstown, , Barbados",,,See below,1903-09-13,,,,1996-07-30,,,,,,1925–1987,,,,,,,,,,,,,Émilie Claudette Chauchoin,,,,Art Students League of New York,,,,,,,,,,,Republican,American,
,,,,,,,,"Judy Garland,  ,  , (, m., 1945;, div., 1951),  , Georgette Magnani,  ,  , (, m., 1954;, div., 1958),  , Denise Hale,  ,  , (, m., 1962;, div., 1971),  , Margaretta Lee Anderson,  ,  , (, m., 1980),  ",,,,,,"Forest Lawn Memorial Park, Glendale","Chicago, Illinois, , U.S.",,,,,,,,,,Vincente Minnelli,,,,,,,,,,,,,,"Beverly Hills, California, , U.S.",,,,1903-02-28,,,,1986-07-25,,,,,,1928–1976,,,,"Theatre director, film director",,,,,,,,"2, including, Liza Minnelli",Lester Anthony Minnelli,,,,,,,,,,,,,,"Meet Me in St. Louis, An American in Paris, The Bad and the Beautiful, The Band Wagon, Gigi",,,
,,,,,,,,,,,,,,,"Bristol, , England",,,,,,,,,,Cary Grant,,"Virginia Cherrill,  ,  , (, m., 1934;, div., 1935),  , Barbara Hutton,  ,  , (, m., 1942;, div., 1945),  , Betsy Drake,  ,  , (, m., 1949;, div., 1962),  , Dyan Cannon,  ,  , (, m., 1965;, div., 1968),  , Barbara Harris,  , (, m., 1981),  ",,,,,,"United Kingdom, United States (from 1942)",,,,,,"Davenport, Iowa, , U.S.",Performances on stage and screen,,"Academy Honorary Award, (1970), Kennedy Center Honors, (1981)",1904-01-18,,,,1986-11-29,,,,,,1922–1966,,,,"Actor, businessman",,,,,,,,Jennifer Grant,Archibald Alec Leach,,,,,,,,,,,,,,,,,
,,,,,,,,"Jaime Martínez del Río,  ,  , (, m., 1921;, div., 1928),  , Cedric Gibbons,  ,  , (, m., 1930;, div., 1941),  , Lewis A. Riley,  , (, m., 1959),  ",,,,,,"Rotonda de las Personas Ilustres, ,, Panteón de Dolores, ,, Mexico City, , Mexico","Victoria de Durango, , Durango, Mexico",,,,,,,,,,Dolores del Río,,,,,,Actress,,,,,,"Ramon Novarro, (cousin), Andrea Palma, (cousin), Julio Bracho, (cousin)",,"Newport Beach, ,, California, , U.S.",,,,1904-08-03,,,,1983-04-11,,,,,,1925–1978,"Orson Welles, (1940–1943)",,,,,,,,,,,,María de los Dolores Asúnsolo y López Negrete,,,,,,,,,,,,,,,,,
,,,,,,,Lieutenant Colonel,"Yvonne Howell, (1930–1947), Joan McTavish (1968–1975)",,,,,United States Army,"Forest Lawn Memorial Park, Hollywood Hills","Oakland, California, , U.S.",,,,,,1943–1946,,,,George Stevens,,,,,,,,,,,,,,"Lancaster, California, , U.S.",,,"Legion of Merit, American Campaign Medal, European–African–Middle Eastern Campaign Medal, World War II Victory Medal",1904-12-18,,,,1975-03-08,United States,,,,,1915–1970,,,,"Director, cinematographer, actor, writer, producer",,,,,,,,"George Stevens, Jr.",George Cooper Stevens,,,,,,,Army Signal Corps,,,,,,,,,,
,,,,,,,,,,,,,,Sparkman-Hillcrest Memorial Park Cemetery,"Manor Park, ,, East Ham, ,, Essex, , England",,,,,,,,,,Greer Garson,,"Edward Snelson,  ,  , (, m., 1933;, div., 1943),  , Richard Ney,  ,  , (, m., 1943;, div., 1947),  , Buddy Fogelson,  ,  , (, m., 1949; died 1987),  ",,,,,,"United Kingdom (1904–1996), United States (1951–1996)",,,,,,"Dallas, ,, Texas, , U.S.",,,,1904-09-29,,,,1996-04-06,,,,,,1932–1986,,,,"Actress, singer, philanthropist",,,,,,,,,Eileen Evelyn Greer Garson,,,,"King's College London, University of Grenoble",,,,,,,,,,,Republican,,
,,,,,,,,,,,,,,Forest Lawn Memorial Park,"Brooklyn, New York, , U.S.",,,,,,,,,"""The 'It' Girl""",Clara Bow,,,,,,Actress,,,,,,,,"Culver City, California, , U.S.",,,,1905-07-29,,,,1965-09-27,,,,,,1921–1947,,,,,,,,,,,,2,Clara Gordon Bow,,,"Rex Bell,  ,  , (, m., 1931; died 1962),  ",,,,,,,,,,,,,,
,,,,,,,,,,,,,,"Skogskyrkogården, Cemetery, Stockholm, Sweden","Stockholm, , Sweden",,,,,,,,,,Greta Garbo,,,,,,Actress,,"Sweden (1905–1951), United States (1951–1990)",,,,,,"New York City, , U.S.",,,,1905-09-18,,,,1990-04-15,,,,,,1920–1941,,,,,,,,,,,,,Greta Lovisa Gustafsson,,,,,,,,,,,,,,,,,
,,,,,,,,,,,,,,,"Grand Island, Nebraska, , U.S.",,,,,,,,,,Henry Fonda,,"Margaret Sullavan,  ,  , (, m., 1931;, div., 1933),  , Frances Seymour Brokaw,  ,  , (, m., 1936; died 1950),  , Susan Blanchard,  ,  , (, m., 1950;, div., 1956),  , Afdera Franchetti,  ,  , (, m., 1957;, div., 1961),  , Shirlee Mae Adams,  , (, m., 1965),  ",,,,Actor,,,,,,"Bridget Fonda, (paternal granddaughter), Troy Garity, (maternal grandson)",,"Los Angeles, California, , U.S.",,,,1905-05-16,,,,1982-08-12,,,,,,1928–1981,,,,,,,,,,,,"3, including, Jane, and, Peter",Henry Jaynes Fonda,,,,University of Minnesota,,,,,,,,,,,Democratic,,
,,,,,,,,"Arthur Hornblow Jr.,  ,  , (, m., 1936;, div., 1942),  , John Hertz, Jr.,  ,  , (, m., 1942;, div., 1944),  , Gene Markey,  ,  , (, m., 1946;, div., 1950),  , Howland H. Sargeant,  ,  , (, m., 1951;, div., 1960),  ",,,,,,"Forestvale Cemetery, Helena, Montana, U.S., 46°39′22″N, 112°02′11″W, ﻿ / ﻿, 46.6562°N 112.0365°W, ﻿ /, 46.6562; -112.0365","Helena, Montana, , U.S.",,,,,,,,,The Queen of Hollywood,Myrna Loy,,,,,,Actress,,,,,,,,"New York City, U.S.",,,,1905-08-02,,,,1993-12-14,,,,,,1925–1982,,,,,,,,,,,,,Myrna Adele Williams,,,,,,,,,,,,,,,Democratic,,
,,,,,,,,,,,,,,Ferncliff Cemetery,"San Antonio, Texas, , U.S.",,,,,,,,,,Joan Crawford,,"Douglas Fairbanks Jr.,  ,  , (, m., 1929;, div., 1933),  , Franchot Tone,  ,  , (, m., 1935;, div., 1939),  , Phillip Terry,  ,  , (, m., 1942;, div., 1946),  , Alfred Steele,  ,  , (, m., 1955; died 1959),  ",,,,Actress,,,,,,"Hal LeSueur, (brother)",,"New York City, , U.S.",,,,,,,,,,,,,,1924–1974,,,,,,,,,,,,"4, including, Christina",Lucille Fay LeSueur,,,,,,,,,,,,,,,,,
"Transcriptions, Standard Mandarin, Hanyu Pinyin, Huáng Liǔshuāng, Wade–Giles, Huang, Liu, Shuang, Yue: Cantonese, Jyutping, Wong, Lau, soeng",,,,,,,,,,,,,,,"Los Angeles, California, , U.S.",,,,,,,,,,Anna May Wong,,,,,"Wong, Lau, soeng",Actress,,,,,,,,"Santa Monica, California, , U.S.",,,"Hollywood Walk of Fame, – Motion Picture, 1700 Vine Street",1905-01-03,,,,1961-02-03,,Huáng Liǔshuāng,"黄, 柳, 霜",,,1919–1961,,,,,"黃, 柳, 霜",,,,,,,,Wong Liu Tsong,,,,,,,,,,,,,,,,,"Huang, Liu, Shuang"
,,,,,,,,"Constance Bennett,  ,  , (, m., 1941;, div., 1945),  , Guillermina Cantu,  ,  , (, m., 1954),  ",,,,,,,"Ciudad Juárez, ,, Chihuahua, , Mexico",,,,,,,,,,Gilbert Roland,,,,,,Actor,,,,,,,,"Beverly Hills, ,, California, , U.S.",,,"Hollywood Walk of Fame, (Motion Picture, 6730 Hollywood Boulevard, )",1905-12-11,,,,1994-05-15,,,,,,1923–1982,,,,,,,,,,,,2,Luis Antonio Dámaso de Alonso,,,,,,,,,,,,,,,,,
,,,,,,,,"A. Edward Sutherland,  ,  , (, m., 1926;, div., 1928),  , Deering Davis,  ,  , (, m., 1933;, div., 1938),  ",,,,"Pandora's Box, (1929), Diary of a Lost Girl, (1929)",,"Holy Sepulchre Cemetery (Rochester, New York)","Cherryvale, Kansas, , U.S.",,,,,,,,,"Lulu, Brooksie, The Girl in the Black Helmet",Louise Brooks,,,,,,,,,,,,,,"Rochester, New York, , U.S.",,,,1906-11-14,,,,1985-08-08,,,,,,1925–1938,,,,"Actress, dancer, writer",,,,,,,,,Mary Louise Brooks,,,,,,,,,,,,,,,,,
,,,,,,,,"Jesse Lydell Peck,  ,  , (, m., 1929;, div., 1933),  , Adrian,  ,  , (, m., 1939; died 1959),  , Paul Gregory,  , (, m., 1964),  ",,,,"7th Heaven, Sunrise: A Song of Two Humans, Street Angel, A Star Is Born, State Fair",,Hollywood Forever Cemetery,"Philadelphia, Pennsylvania, , U.S.",,,,,,,,,,Janet Gaynor,,,,,,Actress,,,,,,,San Francisco Polytechnic High School,"Palm Springs, California, , U.S.",,,,1906-10-06,,,,1984-09-14,,,,,,1924–1939; 1950s-1981,,,,,,,,,,,,1,Laura Augusta Gainor,,,,,,,,,,,,,,,,,
,,,,,,,,"Judith Coppicus,  ,  , (, m., 1936;, div., 1946),  , Audrey Young,  , (, m., 1949),  ",,,,,,,"Sucha,, Austria-Hungary, (now, Sucha Beskidzka, ,, Poland, )",,,,,,,,,,Billy Wilder,,,,,,Filmmaker,,,,,,"W. Lee Wilder, (brother), Myles Wilder, (nephew), Patrick Curtis, (nephew)",,"Beverly Hills, California, , U.S.",,,,1906-06-22,,,,2002-03-27,,,,,,1929–1981,,,,,,,,,,,,2,Samuel Wilder,,,,,,,,,,,,,,,,,
,,,,,,"Walter Huston, Rhea Gore",Major,,,,,,United States Army,Hollywood Forever Cemetery,"Nevada, Missouri, , U.S.",,,,,,1942–46,,,,John Huston,,"Dorothy Harvey,  ,  , (, m., 1925;, div., 1933),  , Lesley Black,  ,  , (, m., 1937;, div., 1945),  , Evelyn Keyes,  ,  , (, m., 1946;, div., 1950),  , Enrica Soma,  ,  , (, m., 1950; died 1969),  , Celeste Shane,  ,  , (, m., 1972;, div., 1977),  ",,,,,,,,,,,,"Middletown, Rhode Island, , U.S.",,,"Legion of Merit, American Campaign Medal, Asiatic–Pacific Campaign Medal, World War II Victory Medal",1906-08-05,,,,1987-08-28,United States,,,,,1930–1987,Zoe Sallis,,,"Film director, screenwriter, actor, visual artist",,,,,,,,"5, including, Anjelica, ,, Tony, ,, Danny, , and, Allegra Huston",,,,,,,,Army Signal Corps,,,,,,,,,,
,,,,,,,,,,,,,,,"Rzeszów, ,, Austria-Hungary, (now, Poland, )",,,,,,,,,,Fred Zinnemann,,,,,,Film director,,,,,,,,"London, , England",,,,1907-04-29,,,,1997-03-14,,,,,,1932–1982,,,,,,,,,,,,Tim Zinnemann,Alfred Zinnemann,,,"Renee Bartlett,  , (, m., 1936),  ",,,,,,,,,,,"High Noon, ,, From Here to Eternity, ,, Oklahoma!, ,, A Man For All Seasons, ,, Julia",,,
,,,,,,,,,,,,,,,"Dorking, , Surrey, England",,,,,,,,,,The Lord Olivier,,"Jill Esmond,  ,  , (, m., 1930;, div., 1940),  , Vivien Leigh,  ,  , (, m., 1940;, div., 1960),  , Joan Plowright,  , (, m., 1961),  ",,,,,,,,,,,,"Steyning, , West Sussex, England",Full list,,Full list,1907-05-22,,,,1989-07-11,,,,,,1925–1988,,,,"Actor, director, producer",,,,,,,,4,Laurence Kerr Olivier,,,,,,,,,,,,,,,,,
,,,,,,,,,,,,,,Cedar Hill Cemetery,"Hartford, Connecticut, , U.S.",,,,,,,,,,Katharine Hepburn,,,,Houghton,,Actress,,,,,,"Katharine M. Hepburn, (mother)","Bryn Mawr College, (, BA, )","Fenwick, Connecticut, , U.S.",Full list,,Full list,1907-05-12,,,,2003-06-29,,,,,,1928–1995,"Spencer Tracy, (1941–1967)",,,,,,,,,,,,Katharine Houghton Hepburn,,,"Ludlow Ogden Smith,  ,  , (, m., 1928;, div., 1934),  ",,,,,,,,,,,,Democratic,,
,,,,,,,,"Josephine Saenz,  ,  , (, m., 1933;, div., 1945),  , Esperanza Baur,  ,  , (, m., 1946;, div., 1954),  , Pilar Pallete,  , (, m., 1954),  ",,,,,,"Pacific View Memorial Park, ,, Newport Beach, California, 33°36′34″N, 117°51′12″W, ﻿ / ﻿, 33.60953°N 117.85336°W, ﻿ /, 33.60953; -117.85336","Winterset, Iowa, , U.S.",,,,,Official website,,,,"Marion Michael Morrison, 'Duke' Wayne",John Wayne,,,,,,,,,,,,,,"Los Angeles, California",,,,1907-05-26,,,,1979-06-11,,,,,,1926–1976,,,,"Actor, producer",,,,,,,,"7, including, Michael, ,, Patrick, , and, Ethan",Marion Robert Morrison,,,,University of Southern California,,,,,,,,,,,Republican,,
,,,,,,,,,,,,,,Holy Cross Cemetery,"Waterbury, Connecticut, , U.S.",,,,,,,,,,Rosalind Russell,,,,,,,,,,,,,,"Beverly Hills, California, , U.S.",,,,1907-06-04,,,,1976-11-28,,,,,,1929–1972,,,,"Actress, comedian, screenwriter, singer",,,,,,,,1,Catherine Rosalind Russell,,,"Frederick Brisson,  , (, m., 1941),  ",,,,,,,,,,,,Republican,,
,,,,,,,,,,,,,,,"Brooklyn, New York, , U.S.",,,,,,,,,,Barbara Stanwyck,,"Frank Fay,  ,  , (, m., 1928;, div., 1935),  , Robert Taylor,  ,  , (, m., 1939;, div., 1952),  ",,,,,,,,,,,,"Santa Monica, California, , U.S.",,,,1907-07-16,,,,1990-01-20,,,,,,1922–1986,,,,"Actress, model, dancer",,,,,,,,1,Ruby Catherine Stevens,,,,,,,,,,,,,,,Republican,,
,,,,,,,,,,,,,,Forest Lawn Memorial Park,"Lowell, Massachusetts, , U.S.",,,,,,,,,,Bette Davis,,"Harmon Oscar Nelson,  ,  , (, m., 1932;, div., 1938),  , Arthur Farnsworth,  ,  , (, m., 1940; died 1943),  , William Grant Sherry,  ,  , (, m., 1945;, div., 1950),  , Gary Merrill,  ,  , (, m., 1950;, div., 1960),  ",,,,Actress,,,,,,,,"Neuilly-sur-Seine, , France",,,,1908-04-05,,,,1989-10-06,,,,,,1929–1989,,,,,,,,,,,,"3, including, B. D. Hyman",Ruth Elizabeth Davis,,,,,,,,,,,,,,,Democratic,,
,,,,,,,,,,,,,,"Forest Lawn Memorial Park, ,, Glendale, California, , U.S.","Fort Wayne, Indiana, , U.S.",,,,,,,,,,Carole Lombard,,"William Powell,  ,  , (, m., 1931;, div., 1933),  , Clark Gable,  , (, m., 1939),  ",,,,Actress,,,,,,,,"Mount Potosi, Nevada, , U.S.",,,,1908-10-06,,,,1942-01-16,,,,,,1921–1942,,,,,,,,,,,,,Jane Alice Peters,,,,,,,,,,,,,,,Democratic,,
,,,,,,,,"Isabel Lean,  ,  , (, m., 1930;, div., 1936),  , Kay Walsh,  ,  , (, m., 1940;, div., 1949),  , Ann Todd,  ,  , (, m., 1949;, div., 1957),  , Leila Matkar,  ,  , (, m., 1960;, div., 1978),  , Sandra Hotz,  ,  , (, m., 1981;, div., 1984),  , Sandra Cooke,  , (, m., 1990),  ",,,,,,"Putney Vale Cemetery, ,, London, , England","Croydon, ,, Surrey, , England",,,,,,,,,,David Lean,,,,,,,,,,,,,,"Limehouse, ,, London, , England",,,,1908-03-25,,,,1991-04-16,,,,,,1930–1991,,,,,,,,,,,,Peter Lean,,,,,,,"Film director, ,, film producer, ,, screenwriter, ,, film editor",,,,,,,,,,,
,,,,,,,Brigadier General,,,,,,,"Forest Lawn Memorial Park, ,, Glendale, California, , U.S.","Indiana, Pennsylvania, , U.S.",,,,,,"1941–1947 (Army), 1947–1968 (Air Force)",,,,James Stewart,703d Bombardment Squadron,,,,,,,,,,,,,"Beverly Hills, California, , U.S.",,,Full list,1908-05-20,,,,1997-07-02,United States,,,,,1932–1991,,,,"Actor, military pilot",,,,,,,,4,James Maitland Stewart,,,"Gloria Hatrick McLean,  ,  , (, m., 1949; died 1994),  ","Princeton University, (, AB, )",,,"2nd Bombardment Wing, Air Force Reserve",,,,,,,,Republican,,
,,,,,,,,,,,,,,"Panteón de Dolores, ,, Mexico City, , Mexico","San Luis Potosí City, , Mexico",,,,,,,,,,Lupe Vélez,,,,,,,,,,,,,,"Glendale, California, , U.S.",,,,1908-07-18,,,,1944-12-13,,,,,,1924–1944,,,Barbiturate overdose,"Actress, singer, dancer",,,,,,,,,María Guadalupe Villalobos Vélez,,,"Johnny Weissmuller,  ,  , (, m., 1933;, div., 1939),  ",,,,,,,,,,,,,,
,,,,,,,,,,,,,,"Ashes scattered in, Portofino, and, Forest Lawn Memorial Park","Huyton, ,, Lancashire, , England",,,,,,,,,,Rex Harrison,,"Noel Margery Colette-Thomas,  ,  , (, m., 1934;, div., 1942),  , Lilli Palmer,  ,  , (, m., 1943;, div., 1957),  , Kay Kendall,  ,  , (, m., 1957; died 1959),  , Rachel Roberts,  ,  , (, m., 1962;, div., 1971),  , Elizabeth Rees-Williams,  ,  , (, m., 1971;, div., 1975),  , Mercia Tinker,  , (, m., 1979),  ",,,,Actor,,,,,,"Cathryn Harrison, (granddaughter)",Liverpool College,"New York City, , U.S.",,,,1908-03-05,,,,1990-06-02,,,,,,1930–1990,,,,,,,,,,,,"Noel, Carey",Reginald Carey Harrison,,,,,,,,,,,,,,,,,
,,,,,,,Captain,,,,,,United States Navy,,"New York City, U.S.",,,,,,1941–1954,,,,Douglas Fairbanks Jr.,,,,,,,,,,,,"Jack Whiting, (stepfather)",,"New York City, U.S.",,,"Silver Star, Legion of Merit, Italian War Cross, Legion of Honour, Croix de Guerre, Knight Commander of the Order of the British Empire, (Honorary), Distinguished Service Cross (UK)",1909-12-09,,,,2000-05-07,United States,,,,,1916–1997,,,,"Actor, producer, naval officer",,,,,,,"Douglas Fairbanks, (father)",3,Douglas Elton Fairbanks Jr.,,,"Joan Crawford,  ,  , (, m., 1929;, div., 1933),  , Mary Lee Epling,  ,  , (, m., 1939; died 1988),  , Vera Shelton,  , (, m., 1991),  ",,,,Beach Jumpers,,,,,,,,,,
,,,,,,,,,,,,,,"Forest Lawn Memorial Park, Glendale, California, , U.S.","Battery Point, Tasmania, , Australia",,,,,,,,,,Errol Flynn,,"Lili Damita,  ,  , (, m., 1935;, div., 1942),  , Nora Eddington,  ,  , (, m., 1943;, div., 1949),  , Patrice Wymore,  , (, m., 1950),  ",,,,Actor,,,,,,,,"Vancouver, British Columbia, , Canada",,,,1909-06-20,,,,1959-10-14,,,,,,1932–1959,,,,,,,,,,,"Theodore Thomson Flynn, (father)","4, including, Sean Flynn",Errol Leslie Thomson Flynn,,,,,,,,,,,,,,,,"Australian, American",
,,,,,,,,,,,,,,"São João Batista Cemetery, ,, Rio de Janeiro, , Brazil","Marco de Canaveses, ,, Kingdom of Portugal",,,,Samba,"www, .carmenmiranda, .com, .br",,,,"The Brazilian Bombshell, The Chiquita Banana Girl, A Pequena Notável, (in Brazil)",Carmen Miranda,,,,,,,,,,,,"Amaro da Cunha, (brother), Aurora Miranda, (sister), Cecilia Miranda de Carvalho, (sister)",Convent of Saint Therese of Lisieux,"Beverly Hills, California, , U.S.",,,,1909-02-09,,,,1955-08-05,,,,,"RCA, Brunswick Records, EMI-Odeon, Decca Records, PolyGram",1928–1955,,,,"Singer, dancer, actress",,,,,,Vocals,,,Maria do Carmo Miranda da Cunha,,,"David Alfred Sebastian,  ,  , (, m., 1947),  ",,,,,,,,,,,,,,
,,,,,,,,,,,,,,,"Constantinople, ,, Ottoman Empire, (now, Istanbul, ,, Turkey, )",,,,,,,,,,Elia Kazan,,"Molly Day Thacher Kazan,  ,  , (, m., 1932; died 1963),  , Barbara Loden,  ,  , (, m., 1967; died 1980),  , Frances Rudge Kazan,  ,  , (, m., 1982),  ",,,,,,,,,,"Zoe Kazan, (granddaughter), Maya Kazan, (granddaughter)","Williams College, (, BA, ), Yale University","New York City, U.S.",,,,1909-09-07,,,,2003-09-28,,,,,,1934–1976,,,,"Actor, director, producer, screenwriter",,,,,,,,"5, including, Nicholas",Elias Kazantzoglou,,,,,,,,,,,,,,,,,
,,,,,,,,,,,,,,,"Wilkes-Barre, Pennsylvania, , U.S.",,,,,,,,,Joseph L. Mankiewicz,Joseph L. Mankiewicz,,"Elizabeth Young,  ,  , (, m., 1934;, div., 1937),  , Rose Stradner,  ,  , (, m., 1939; died 1958),  , Rosemary Matthews,  , (, m., 1962),  ",,,,,,,,,,"Herman J. Mankiewicz, (brother), See, Mankiewicz family",,"Bedford, New York, , U.S.",,,,1909-02-11,,,,1993-02-05,,,,,,1929–1972,,,,"Screenwriter, director, producer",,,,,,,,"4, including, Tom Mankiewicz",Joseph Leo Mankiewicz,,,,"Columbia University, (, BA, )",,,,,,,,,,,,,
,,,,,World War II,,Lieutenant colonel,"Primula Susan Rollo,  ,  , (, m., 1940; died 1946),  , Hjördis Genberg,  ,  , (, m., 1948),  ",,,,,British Army,Château-d'Œx Cemetery,"London, , England",,,,,,"1930–1933, 1940–1945",,,,David Niven,,,,,,,,,,,,,"Heatherdown Preparatory School, Stowe School","Château-d'Œx, , Switzerland",,,Legion of Merit,1910-03-01,,,,1983-07-29,United Kingdom,,,,,1932–1983,,,,,,,44959,,,,,"4, including, David Jr.",James David Graham Niven,,,,"Royal Military College, Sandhurst",,"Actor, author","Highland Light Infantry, Rifle Brigade (Prince Consort's Own)",,,,,,,,,,
,,,,,,,,"Clifford Odets,  ,  , (, m., 1937;, div., 1940),  , Robert Knittel,  ,  , (, m., 1945; died 1989),  ",,,,,,,"Düsseldorf, ,, Prussia, ,, German Empire",,,,,,,,,,Luise Rainer,,,,,,Actress,,"Germany, United States, United Kingdom",,,,,,"Belgravia, , London, England",,,,1910-01-12,,,,"30 December 2014, 2014-12-30, aged 104",,,,,,1926–2006,,,,,,,,,,,,1,,,,,,,,,,,,,,,,,,
,,,,,,,,,,,,,,,"St. Louis, , Missouri, U.S.",,,,,,,,,,Vincent Price,,"Edith Barrett,  ,  , (, m., 1938;, div., 1948),  , Mary Grant,  ,  , (, m., 1949;, div., 1973),  , Coral Browne,  ,  , (, m., 1974; died 1991),  ",,,,,,,,,,,,"Los Angeles, California, , U.S.",,,"Hollywood Walk of Fame, :, 2 stars (TV, Film)",1911-05-27,,,,"October 25, 1993, 1993-10-25, aged 82",,,,,,1935–1993,,,,"Actor, art historian, art collector, gourmet cook",,,,,,,,"Vincent Barrett, Victoria",Vincent Leonard Price Jr.,,,,"Yale University, Courtauld Institute of Art",,,,,,,,,,,,,
,,,,,,,,"Charles McGrew,  ,  , (, m., 1927;, div., 1929),  , Paul Bern,  ,  , (, m., 1932; died 1932),  , Harold Rosson,  ,  , (, m., 1933;, div., 1934),  ",,,,,,Forest Lawn Memorial Park,"Kansas City, Missouri, , U.S.",,,,,,,,,,Jean Harlow,,,,,,Actress,,,,,,,,"Los Angeles, California, , U.S.",,,,1911-03-03,,,,1937-06-07,,,,,,1928–1937,"William Powell, (1934–1937)",,Kidney failure,,,,,,,,,,Harlean Harlow Carpenter,,,,,,,,,,,,,,,,,
,,,,,,,,,,,,,,,"New York City, U.S.",,,,,"dannykaye, .com",,,,,Danny Kaye,,,,,,,,,,,,,,"Los Angeles, California, U.S.",,,,1911-01-18,,,,1987-03-03,,,,,,1933–1987,,,,"Actor, comedian, singer, dancer, television presenter",,,,,,,,1,David Daniel Kaminsky,,,"Sylvia Fine,  , (, m., 1940),  ",,,,,,,,,,,,Democratic,,
,,,,,,,,,,,,,,Oakwood Memorial Park Cemetery,"Independence, Missouri, , U.S.",,,,,"gingerrogers, .com",,,,,Ginger Rogers,,"Jack Pepper,  ,  , (, m., 1929;, div., 1931),  , Lew Ayres,  ,  , (, m., 1934;, div., 1940),  , Jack Briggs,  ,  , (, m., 1943;, div., 1949),  , Jacques Bergerac,  ,  , (, m., 1953;, div., 1957),  , William Marshall,  ,  , (, m., 1961;, div., 1969),  ",,,,,,,,,,"Phyllis Fraser, (cousin), Vinton Hayworth, (uncle), Steven Grant Rogers, (cousin)",,"Rancho Mirage, California, , U.S.",,,,1911-07-16,,,,1995-04-25,,,,,,1925–1987,,,,"Actress, dancer, singer",,,,,,,,,Virginia Katherine McMath,,,,,,,,,,,,,,,Republican,,
,,,,,,,,,,,,,,"Santa María Magdalena de Pazzis Cemetery, , San Juan","San Juan, Puerto Rico",,,,,,,,,,José Ferrer,,"Uta Hagen,  ,  , (, m., 1938;, div., 1948),  , Phyllis Hill,  ,  , (, m., 1948;, div., 1953),  , Rosemary Clooney,  ,  , (, m., 1953;, div., 1961),  ,  ,  , (, m., 1964;, div., 1967),  , Stella Magee,  , (, m., 1977),  ",,,,,,,,,,"Debby Boone, (daughter-in-law), Tessa Ferrer, (granddaughter), George Clooney, (nephew)","Princeton University, (1933,, B.Arch, )","Coral Gables, Florida, , U.S.",,,"National Medal of Arts, (1985)",1912-01-08,,,,1992-01-26,,,,,,1935–1992,,,,"Actor, film director, theatre director",,,,,,,,"6, including, Miguel Ferrer",José Vicente Ferrer de Otero y Cintrón,,,,,,,,,,,,,,,,,
,,,,,,,,,,,,"Singin' in the Rain, An American in Paris, On the Town, Invitation to the Dance",,,"Pittsburgh, , Pennsylvania, U.S.",,,,,,,,,,Gene Kelly,,"Betsy Blair,  ,  , (, m., 1941;, div., 1957),  , Jeanne Coyne,  ,  , (, m., 1960; died 1973),  , Patricia Ward,  , (, m., 1990),  ",,,,,,American (Irish citizenship granted late in life),,,,,Peabody High School,"Beverly Hills, California, , U.S.",,,,1912-08-23,,,,1996-02-02,,,,,,1931–1994,,,,"Actor, dancer, singer, filmmaker, choreographer",,,,,,,,3,Eugene Curran Kelly,,,,University of Pittsburgh,,,,,,,,,,,Democratic,,
,,,,,,,,,,,,,,,"Darjeeling, ,, Bengal Presidency, , British India",,,,,,,,,,Vivien Leigh,,"Herbert Leigh Holman,  ,  , (, m., 1932;, div., 1940),  , Laurence Olivier,  ,  , (, m., 1940;, div., 1960),  ",,,,Actress,,,,,,,"Loreto Convent, Convent of the Sacred Heart, Royal Academy of Dramatic Art","Belgravia, , London, England",,,List of awards and nominations,1913-11-05,,,,1967-07-08,,,,,,1935–1967,"John Merivale, (1960–1967)",,,,,,,,,,,Suzanne Farrington,Vivian Mary Hartley,,,,,"Lady Olivier (1947–1960), Vivien, Lady Olivier (1960–1967)",,,,,,,,,"Gone with the Wind, A Streetcar Named Desire, Tovarich",,,
,,,,,,,,,,,,,,"Holy Cross Cemetery, Culver City","Salt Lake City, Utah, , U.S.",,,,,,,,,,Loretta Young,,"Grant Withers,  ,  , (, m., 1930;, annul., 1931),  , Tom Lewis,  ,  , (, m., 1940;, div., 1969),  , Jean Louis,  ,  , (, m., 1993; died 1997),  ",,,,,,,,,,"Polly Ann Young, (sister), Sally Blane, (sister), Georgiana Young, (maternal half-sister)",,"Los Angeles, California, , U.S.",,,,1913-01-06,,,,2000-08-12,,,,,,1917–1994,,,,"Actress, television host",,,,,,,,"Judy, Christopher, Peter",Gretchen Young,,,,,,,,,,,,,,,Republican,,
,,,,,,,,"June Ernst,  ,  , (, m., 1935;, div., 1946),  , Norma Anderson,  ,  , (, m., 1946;, div., 1969),  , Susan Martin,  ,  , (, m., 1990),  ",,,,,,Westwood Memorial Park,"New York City, , U.S.",,,,,,,,,,Burt Lancaster,,,,,,,,,,,,,,"Los Angeles, California, , U.S.",,,,1913-11-02,,,,1994-10-20,,,,,,1935–1991,,,,"Actor, film producer",,,,,,,,"5; including, Bill",Burton Stephen Lancaster,,,,,,,,,,,,,,,Democratic,,
,,,,,,,,,,,,,,,"Sunrise Township, Minnesota, , U.S.",,,,,,,,,,Richard Widmark,,"Jean Hazlewood,  ,  , (, m., 1942; died 1997),  , Susan Blanchard,  , (, m., 1999),  ",,,,,,,,,,,,"Roxbury, Connecticut, , U.S.",,,,1914-12-26,,,,2008-03-24,,,,,,1938–2001,,,,"Actor, producer",,,,,,,,1,Richard Weedt Widmark,,,,"Lake Forest College, (B.A., 1936)",,,,,,,,,,,,,
,,,,,,,,"Herbie Kay,  ,  , (, m., 1935;, div., 1939),  , William Ross Howard III,  ,  , (, m., 1943; died 1978),  ",,,,,,Forest Lawn Memorial Park,"New Orleans, ,, Louisiana, , U.S.",,,,,,,,,,Dorothy Lamour,,,,,,,,,,,,,,"Los Angeles, ,, California, , U.S.",,,,1914-12-10,,,,1996-09-22,,,,,,1933–1995,,,,"Actress, singer",,,,,,,,2,Mary Leta Dorothy Slaton,,,,,,,,,,,,,,,,,
,,"Hollywood Forever Cemetery, ,, Los Angeles, California, , U.S.",,,,,"First lieutenant (USMC), Major (USMCR)",,,,,,United States Marine Corps,,"Cincinnati, , Ohio, U.S.",,,,,,"1942–1946 USMC, 1946–1958, USMCR",,,,Tyrone Power,,"Annabella,  ,  , (, m., 1939;, div., 1948),  , Linda Christian,  ,  , (, m., 1949;, div., 1956),  , Deborah Minardos,  , (, m., 1958),  ",,,,Actor,,,,,,,,"Madrid, , Spain",,,,1914-05-05,,,,1958-11-15,United States,,,,,1932–1958,,,,,,,,,,,"Tyrone Power Sr., (father)","Romina Power, Taryn Power, Tyrone Power Jr.",Tyrone Edmund Power III,,,,,,,,,,,,,,,,,
,,,,,,,,,,,,,,,"Vienna, , Austria-Hungary",,,,,,,,,,Hedy Lamarr,,"Fritz Mandl,  ,  , (, m., 1933;, div., 1937),  , Gene Markey,  ,  , (, m., 1939;, div., 1941),  , John Loder,  ,  , (, m., 1943;, div., 1947),  , Teddy Stauffer,  ,  , (, m., 1951;, div., 1952),  , W. Howard Lee,  ,  , (, m., 1953;, div., 1960),  , Lewis J. Boies,  ,  , (, m., 1963;, div., 1965),  ",,,,,,"Austria (1914−1938), United States (1953−2000)",,,,,,"Casselberry, Florida, , U.S.",,,,1914-11-09,,,,2000-01-19,,,,,,,,,,"Actress, inventor",,,,,,,,3,Hedwig Eva Maria Kiesler,,,,,,,,,,,,,,,,,
,,,,,,,,,,,,,,"Ronda, ,, Andalusia, , Spain","Kenosha, Wisconsin, , U.S.",,,,,,,,,,Orson Welles,,"Virginia Nicolson, (married 1934–1940), Rita Hayworth, (married 1943–1947), Paola Mori, (married 1955–1985)",,,,,,,,,,,,"Los Angeles, California, , U.S.",,,,1915-05-06,,,,1985-10-10,,,,,,1931–1985,,,,"Actor, director, producer, screenwriter",,,,,"Dolores del Río, (1940–1943), Oja Kodar, (1966–1985)",,,"3, including, Beatrice",George Orson Welles,,,,,,,,,,,,,,"Citizen Kane, ,, The Magnificent Ambersons, ,, The Lady From Shanghai, ,, Touch of Evil, ,, Chimes at Midnight, ,, F For Fake",Democratic,,
,,Desert Memorial Park,,,,,,,,,,,,,"Hoboken, New Jersey, , U.S.",,,,"Traditional pop, easy listening, jazz, swing, big band","sinatra, .com",,,,,Frank Sinatra,,"Nancy Barbato,  ,  , (, m., 1939, ;, div., 1951, ),  , Ava Gardner,  ,  , (, m., 1951;, div., 1957),  , Mia Farrow,  ,  , (, m., 1966, ;, div., 1968),  , Barbara Marx,  , (, m., 1976, ),  ",,,,,,,,,,,,"Los Angeles, California, , U.S.",,,,1915-12-12,,,,1998-05-14,,,,,"RCA Victor, Columbia, Capitol, Reprise, Warner Bros.",1935–1995,,,,"Singer, actor, producer",,,,,,Vocals,,"Nancy, Frank Jr., Tina",Francis Albert Sinatra,,,,,,,,,Rat Pack,"Antonino Martino Sinatra, Natalina Garaventa",,,,,,,
,,,,,,,,,,,,,,"Norra Begravningsplatsen, , Stockholm","Stockholm, , Sweden",,,,,ingridbergman.com,,,,,Ingrid Bergman,,"Petter Lindström,  ,  , (, m., 1937;, div., 1950),  , Roberto Rossellini,  ,  , (, m., 1950;, div., 1957),  , Lars Schmidt,  ,  , (, m., 1958;, div., 1975),  ",,,,Actress,,,,,,,,"London, England",,,Full list,1915-08-29,,,,1982-08-29,,,,,,1932–1982,,,,,,,,,,,,"4, including, Pia Lindström, and, Isabella Rossellini",,,,,,,,,,,,,,,"Casablanca, For Whom the Bell Tolls, Gaslight, The Bells of St. Mary's, Spellbound, Notorious, Stromboli, Europa '51, Journey to Italy, Indiscreet, Cactus Flower, Murder on the Orient Express, Autumn Sonata",,,
,,,,,,,,"Tony Martin,  ,  , (, m., 1937;, div., 1940),  , Phil Harris,  ,  , (, m., 1941; died 1995),  ",,,,"Alexander's Ragtime Band, Hello, Frisco, Hello, In Old Chicago, Rose of Washington Square, Lillian Russell",,Forest Lawn Cemetery,"Manhattan, ,, New York City, , U.S.",,,,,"alicefaye, .com",,,,,Alice Faye,,,,,,,,,,,,,,"Rancho Mirage, California, , U.S.",,,,1915-05-05,,,,1998-05-09,,,,,,1934–1995,,,,"Actress, singer",,,,,,,,2,Alice Jeanne Leppert,,,,,,,,,,,,,,,,,
,,"Quinn Family Estate, Bristol County, Rhode Island, , U.S.",,,,,,"Katherine DeMille,  ,  , (, m., 1937;, div., 1965),  , Jolanda Addolori,  ,  , (, m., 1966;, div., 1997),  , Katherine Benvin,  , (, m., 1997),  ",,,,,,,"Chihuahua, , Mexico",,,,,,,,,,Anthony Quinn,,,,,,,,"Mexico, United States",,,,,,"Boston, ,, Massachusetts, , U.S.",,,,1915-04-21,,,,2001-06-03,,,,,,1936–2001,,,,"Actor, film director, painter, sculptor, restaurateur, writer",,,,,,,,"12; including, Francesco, ,, Danny, and, Lorenzo",Manuel Antonio Rodolfo Quinn Oaxaca,,,,,,,,,,,,,,,,,
,,,,,,,,,,,,,,,"Tokyo, , Japan",,,,,,,,,"Olivia Fontaine, Livvie",Olivia de Havilland,,"Marcus Goodrich,  ,  , (, m., 1946;, div., 1953),  , Pierre Galante,  ,  , (, m., 1955;, div., 1979),  ",,,,Actress,,"United Kingdom (by descent), United States (from 1941), France (after 1955)",,,,"Joan Fontaine, (sister), Hereward de Havilland, (cousin), Geoffrey de Havilland, (cousin)",,"Paris, , France",,,Full list,1916-07-01,,,,2020-07-26,,,,,,1933–2009,,,,,,,,,,,,2,Olivia Mary de Havilland,,,,,,,,,,"Walter de Havilland, (father), Lilian Fontaine, (mother)",,,,,,,
,,,,,,,,,,,,,,"Cathedral of Our Lady of the Angels, , Los Angeles","San Diego, California, , U.S.",,,,,"gregorypeck, .com",,,,,Gregory Peck,,"Greta Kukkonen,  ,  , (, m., 1942;, div., 1955),  , Veronique Passani,  , (, m., 1955),  ",,,,Actor,,,,,,"Ethan Peck, (grandson)",,"Los Angeles, , California, U.S.",,,,1916-04-05,,,,2003-06-12,,,,,,1941–2000,,,,,,,,,,,,"5, including, Cecilia Peck",Eldred Gregory Peck,,,,"San Diego State University, University of California, Berkeley, (dropped out)",,,,,,,,,,,Democratic,,
,,,,,,,,,,,,,,"Inglewood Park Cemetery, , Inglewood, California, U.S.","St. Louis, , Missouri, U.S.",,,,,,,,,Frances Dean,Betty Grable,,"Jackie Coogan,  ,  , (, m., 1937;, div., 1939),  , Harry James,  ,  , (, m., 1943;, div., 1965),  ",,,,,,,,,,,,"Santa Monica, , California, U.S.",,,,1916-12-18,,,,1973-07-02,,,,,,1929–1973,,,,"Actress, pin-up girl, dancer, model, singer",,,,,,,,2,Elizabeth Ruth Grable,,,,,,,,,,,,,,,Republican,,
,,,,,,,,,,,,,,,"Newport, Rhode Island, , U.S.",,,,,,,,,,Van Johnson,,,,,,Actor,,,,,,,,"Nyack, New York, , U.S.",,,,1916-08-25,,,,2008-12-12,,,,,,1935–1992,,,,,,,,,,,,"1 daughter, 2 stepsons, including, Tracy Keenan Wynn",Charles Van Dell Johnson,,,"Eve Lynn Abbott Wynn,  ,  , (, m., 1947;, div., 1968),  ",,,,,,,,,,,,,,
,,,,,,,,,,,,,United States Navy,"Westwood Village Memorial Park Cemetery, , Westwood, California","Amsterdam, New York, , U.S.",,,,,,1941–1944,,,"Isador Demsky, Izzy Demsky",Kirk Douglas,,"Diana Dill,  ,  , (, m., 1943;, div., 1951),  , Anne Buydens,  , (, m., 1954),  ",,,,,,,,,,,,"Beverly Hills, California, , U.S.",,,,1916-12-09,,,,2020-02-05,,,,,,1944–2008,,,,"Actor, filmmaker, philanthropist",,,,,,,,"Michael, Joel, Peter, Eric",Issur Danielovitch,,,,St. Lawrence University,,,,,,,,,,,Democratic,,
,,,,,,,,,,,,"The Lost Weekend, Stage Fright, Johnny Belinda, The Blue Veil, Falcon Crest, The Yearling, Magnificent Obsession",,"Forest Lawn Mortuary and Memorial Park, ,, Cathedral City, California","St. Joseph, Missouri, , U.S.",,,,,,,,,,Jane Wyman,,"Ernest Wyman,  ,  , (, m., 1933;, div., 1935),  , Myron Futterman,  ,  , (, m., 1937;, div., 1938),  , Ronald Reagan,  ,  , (, m., 1940;, div., 1949),  , Frederick Karger,  ,  , (, m., 1952;, div., 1955),  ,  ,  , (, m., 1961;, div., 1965),  ",,,,,,,,,,,,"Rancho Mirage, California, , U.S.",,,,1917-01-05,,,,2007-09-10,,,,,,1932–1993,,,,"Actress, singer, dancer, philanthropist",,,,,,,,"3, including, Maureen, and, Michael Reagan",Sarah Jane Mayfield,,,,,,,,,,,,,,,Republican,,
,,,,,,,,"Louis Jordan Jones,  ,  , (, m., 1937;, div., 1944),  , Lennie Hayton,  ,  , (, m., 1947; died 1971),  ",,,,,,,"New York City, U.S.",,,,"R&B, soul, Broadway, traditional pop, vocal jazz",,,,,,Lena Horne,,,,,,,,,,"Harlem, New York City",,"Jenny Lumet, (granddaughter), Jake Cannavale, (great-grandson)",,"New York City, U.S.",,,,1917-06-30,,,,2010-05-09,,,,,"MGM, RCA Victor, United Artists, Blue Note, Qwest, /, Warner Bros.",1933–2003,,,,"Singer, dancer, actress, activist",,,,,,Vocals,,2,Lena Mary Calhoun Horne,,,,,,,,,,,,,,,,,
,,,,,,,,,,,,,,Our Lady of Perpetual Help Cemetery,"New York City, U.S.",,,,,,,,,,Susan Hayward,,"Jess Barker,  ,  , (, m., 1944;, div., 1954),  , Floyd Eaton Chalkley,  ,  , (, m., 1957; died 1966),  ",,,,Actress,,,,,,,,"Beverly Hills, California, , U.S.",,,,1917-06-30,,,,1975-03-14,,,,,,1937–1972,,,,,,,,,,,,2,Edythe Marrenner,,,,,,,,,,,,,,,,,
,,,,,,,,,,,,,,,"Bridgeport, Connecticut, , U.S.",,,,,,,,,,Robert Mitchum,,,,,,,,,,,,"Julie Mitchum, (sister), John Mitchum, (brother), Bentley Mitchum, (grandson), Casper Van Dien, (grandson-in-law), Grace Van Dien, (great-granddaughter)",,"Santa Barbara, California, , U.S.",,,,1917-08-06,,,,1997-07-01,,,,,,1942–1995,,,,"Actor, singer",,,,,,,,"3, including, James, and, Christopher Mitchum",Robert Charles Durman Mitchum,,,"Dorothy Spence,  ,  , (, m., 1940),  ",,,,,,,,,,,,Republican,,
,,,,,,,,,,,,,,,"Tokyo, Japan",,,,,,,,,"Joan Burfield, Joan St. Joh",Joan Fontaine,,"Brian Aherne,  ,  , (, m., 1939;, div., 1945),  , William Dozier,  ,  , (, m., 1946;, div., 1951),  , Collier Young,  ,  , (, m., 1952;, div., 1961),  , Alfred Wright Jr.,  ,  , (, m., 1964;, div., 1969),  ",,,,Actress,,"United Kingdom, United States (from 1943)",,,,"Dame Olivia de Havilland, (sister), Hereward de Havilland, (cousin), Geoffrey de Havilland, (cousin)",,"Carmel Highlands, California, , U.S.",,,"Academy Award for Best Actress, (1941)",1917-10-22,,,,2013-12-15,,,,,,1935–1994,,,,,,,,,,,,2,"Joan de Beauvoir de, Havilland",,,,American School in Japan,,,,,,"Walter de Havilland, (father), Lilian Fontaine, (mother)",,,,,,,
,,,,,,,,,,,,,,Forest Lawn Memorial Park,"New York City, U.S.",,,,,"www, .juneallyson, .com",,,,June Allison,June Allyson,,"Dick Powell,  ,  , (, m., 1945;, died, 1963),  , Alfred Glenn Maxwell,  ,  , (, m., 1963;, div., 1965),  ,  ,  , (, m., 1966;, div., 1970),  , David Ashrow,  , (, m., 1976),  ",,,,,,,,,,,,"Ojai, California, , U.S.",,,"Golden Globe – Best Actress, (1951)",1917-10-07,,,,2006-07-08,,,,5 ft 2 in (157 cm),,1936–2001,,,,"Actress, dancer, singer",,,,,,,,,Eleanor Geisman,,,,,,,,,,,,,,,Republican,,
,,,,,,,,,,,,,,,"O'Fallon, Illinois, , U.S.",,"Stefanie Powers, (1972–1981; his death)",,,,,,,,William Holden,,,,,,Actor,,,,,,,,"Santa Monica, California, , U.S.",,,"Academy Award for Best Actor, (1953), Primetime Emmy Award for Outstanding Lead Actor, (1974)",1918-04-17,,,,"November 12, 1981, 1981-11-12, aged 63",,,,,,1938–1981,,,,,,,,,,,,4,William Franklin Beedle Jr.,,,"Brenda Marshall,  ,  , (, m., 1941;, div., 1971),  ",Pasadena Junior College,,,,,,,,,,,Republican,,
,,,,,,,,,,,,,,,"Herne Hill, ,, London, , England, UK",,,,,,,,,,Ida Lupino,,"Louis Hayward,  ,  , (, m., 1938;, div., 1945),  , Collier Young,  ,  , (, m., 1948;, div., 1951),  , Howard Duff,  ,  , (, m., 1951;, div., 1984),  ",,Lupino,,,,"United Kingdom, United States",,,,,,"Los Angeles, ,, California, , U.S.",,,,1918-02-04,,,,1995-08-03,,,,,,1931–1978,,,,"Actress, director, producer",,,,,,,,1,,,,,Royal Academy of Dramatic Art,,,,,,"Stanley Lupino, (father), Connie Emerald, (mother)",,,,,Democrat,,
,,,,,,,,,,,,,,"Holy Cross Cemetery, Culver City","New York City, , U.S.",,,,,,,,,,Rita Hayworth,,"Edward C. Judson,  ,  , (, m., 1937;, div., 1942),  , Orson Welles,  ,  , (, m., 1943;, div., 1947),  , Prince Aly Khan,  ,  , (, m., 1949;, div., 1953),  , Dick Haymes,  ,  , (, m., 1953;, div., 1955),  , James Hill,  ,  , (, m., 1958;, div., 1961),  ",,,,,,,,,,"Richard Cansino, (nephew), Vinton Hayworth, (uncle)",,"New York City, U.S.",,,,1918-10-17,,,,1987-05-14,,,,,,1931–1972,,,Alzheimer's disease,"Actress, dancer, producer",,,,,,,,"2, including, Yasmin Aga Khan",Margarita Carmen Cansino,,,,,,,,,,"Eduardo Cansino, (father), Volga Hayworth, (mother)",,,,,Democratic,,
,,,,,,,,"Robert Walker,  ,  , (, m., 1939;, div., 1945),  , David O. Selznick,  ,  , (, m., 1949; died 1965),  , Norton Simon,  ,  , (, m., 1971; died 1993),  ",,,,,,"Forest Lawn Memorial Park, ,, Glendale, California, , U.S.","Tulsa, Oklahoma, , U.S.",,,,,,,,,,Jennifer Jones,,,,,,Actress,,,,,,,,"Malibu, California, , U.S.",,,,1919-03-02,,,,2009-12-17,,,,,,1939–1974,,,,,,,,,,,,"3, including, Robert Walker Jr.",Phylis Lee Isley,,,,"Northwestern University, American Academy of Dramatic Arts",,,,,,,,,,,,,
,,,,,,,,,,,,,,Arlington National Cemetery,"Dublin, , Ireland",,,,,,,,,,Maureen O'Hara,,"George H. Brown,  ,  , (, m., 1939;, annul., 1941),  , Will Price,  ,  , (, m., 1941;, div., 1953),  , Charles F. Blair Jr.,  ,  , (, m., 1968; died 1978),  ",,,,,,"Ireland, United States (from 1946)",,,,,,"Boise, Idaho, , US",,,,1920-08-17,,,,2015-10-24,,,,,,"1938–1971, 1991–2000",,,,"Actress, singer",,,,,,,,1,Maureen FitzSimons,,,,,,,,,,,,,,,Republican,,
,,,,,,,,,,,,,,Glenwood Cemetery,"Brooklyn, , New York, U.S.",,,,,,,,,,Gene Tierney,,"Oleg Cassini,  ,  , (, m., 1941;, div., 1952),  , W. Howard Lee,  ,  , (, m., 1960;, died, 1981),  ",,,,Actress,,,,,,,,"Houston, , Texas, U.S.",,,,1920-11-19,,,,1991-11-06,,,,,,"1938–1964, 1969-1980",,,,,,,,,,,,2,Gene Eliza Tierney,,,,,,,,,,,,,,,Republican,,
,,,,,,,,"William Marshall,  ,  , (, m., 1942;, div., 1948),  , Henri Vidal,  ,  , (, m., 1950; died 1959),  , Gérard Oury,  ,  , (, m., 1960; died 2006),  ",,,,,,"Montparnasse Cemetery, ,, Paris, , France","Neuilly-sur-Seine, ,, Hauts-de-Seine, ,, Île-de-France, , France",,,,,,,,,,Michèle Morgan,,,,,,Actress,,,,,,"Sarah Marshall, (granddaughter)",,"Meudon, , Hauts-de-Seine, Île-de-France, France",,,,1920-02-29,,,,2016-12-20,,,,,,1935–1999,,,,,,,,,,,,Mike Marshall,Simone Renée Roussel,,,,,,,,,,,,,,,,,
,,,,,,,,,,,,,,"Hollywood Forever Cemetery, , Los Angeles","New York City, U.S.",,,,,"mickeyrooney, .com",,,,Mickey Maguire,Mickey Rooney,,"Ava Gardner,  ,  , (, m., 1942;, div., 1943),  , Betty Jane Phillips,  ,  , (, m., 1944;, div., 1949),  , Martha Vickers,  ,  , (, m., 1949;, div., 1951),  , Elaine Devry,  ,  , (, m., 1952;, div., 1958),  , Barbara Ann Thomson,  ,  , (, m., 1958; died 1966),  , Marge Lane,  ,  , (, m., 1966;, div., 1967),  , Carolyn Hockett,  ,  , (, m., 1969;, div., 1975),  , Jan Chamberlin,  ,  , (, m., 1978;, sep., 2012),  ",,,,,,,,,,,,"Los Angeles, California, U.S.",,,,1920-09-23,,,,2014-04-06,,,,,,1922–2014,,,,"Actor, producer, radio entertainer, vaudevillian",,,,,,,"Joe Yule, (father)","9, including, Tim, ,, Michael, ,, Teddy, and, Mickey Jr.",Joseph Yule Jr.,,,,,,,,,,,,,,Full list,,,
,,,,,,,,,,,,,,,"Omaha, Nebraska, , U.S.",,,,,,,,,Monty Clift,Montgomery Clift,,,,,,Actor,,,,,,,,"New York City, , U.S.",,,,1920-10-17,,,,1966-07-23,,,,,,1935–1966,,,,,,,,,,,,,Edward Montgomery Clift,,,,,,,,,,,,,,,,,
,,,,,,,,,,,,,,"Holy Cross Cemetery, Culver City","Mexico City, , Mexico",,,,,,,,,,Ricardo Montalbán,,,,,,Actor,,,,,,"Carlos Montalbán, (brother)",,"Los Angeles, California, , U.S.",,,"Emmy Award, (1978), Screen Actors Guild, (1993), Hollywood Walk of Fame",1920-11-25,,,,2009-01-14,,,,,,1941–2008,,,,,,,,,,,,4,Ricardo Gonzalo Pedro Montalbán y Merino,,,"Georgiana Young,  ,  , (, m., 1944; died 2007),  ",,,,,,,,,,,,,"Mexican, American",
,,,,,,,,,,,,,,Hillside Memorial Park Cemetery,"St. Louis, Missouri, , U.S.",,,,,,,,,,Shelley Winters,,"Mack Paul Mayer,  ,  , (, m., 1943;, div., 1948),  , Vittorio Gassman,  ,  , (, m., 1952;, div., 1954),  , Anthony Franciosa,  ,  , (, m., 1957;, div., 1960),  , Gerry DeFord,  , (, m., 2006),  ",,,,Actress,,,,,,,,"Beverly Hills, California, , U.S.",,,,1920-08-18,,,,2006-01-14,,,,,,1936–2006,,,,,,,,,,,,1,Shirley Schrift,,,,The New School,,,,,,,,,,,Democratic,,
,,,,,,,,,,,,,,"Saint-Michel-de-Bois-Aubry Russian Orthodox Monastery (near, Luzé, , France)",,,,,,,,,,,Yul Brynner,,"Virginia Gilmore,  ,  , (, m., 1944;, div., 1960),  , Doris Kleiner,  ,  , (, m., 1960;, div., 1967),  , Jacqueline Thion de la Chaume,  ,  , (, m., 1971;, div., 1981),  , Kathy Lee,  , (, m., 1983),  ",,,,Actor,,"Far Eastern Republic (1920–1922), Soviet Union, (1922–1927) China 1927–33 France 1933–38 China 1938–40, United States (1940–1965), Switzerland (1965–1985)",,,,,,,,,"Academy Award for Best Actor, 1956, The King and I, National Board of Review Award for Best Actor, 1956, The King and I, 1956, The Ten Commandments, 1956, Anastasia, Tony Award for Best Featured Actor in a Musical, 1952, The King and I, (and one Special Tony 1985)",,,,,"October 10, 1985, (1985-10-10), (aged 65), New York City, U.S.",,,,,,1941–1985,,,,,,,,,,,,5,,,,,,,,,,,,,,,,,,
,,,,,,,,"Tony Bartley,  ,  , (, m., 1945;, div., 1959),  , Peter Viertel,  , (, m., 1960),  ",,,,"The King and I, From Here to Eternity, An Affair to Remember, Tea and Sympathy, Separate Tables, Black Narcissus, The Innocents, The Sundowners",,"Alfold Cemetery, Alfold, near Guildford, Surrey, England","Hillhead, ,, Glasgow, , Scotland",,,,,,,,,,Deborah Kerr,,,,,,Actress,,,,,,"Lex Shrapnel, (grandson)",,"Botesdale, ,, Suffolk, , England",,,,1921-09-30,,,,2007-10-16,,,,,,1937–1986,,,,,,,,,,,,2,Deborah Jane Trimmer,,,,,,,,,,,,,,,,,
,,,,,,,,"Bob Waterfield,  ,  , (, m., 1943;, div., 1968),  , Roger Barrett,  ,  , (, m., 1968; died 1968),  , John Calvin Peoples,  ,  , (, m., 1974; died 1999),  ",,,,"The Outlaw, Gentlemen Prefer Blondes, The Tall Men, The French Line, Foxfire",,,"Bemidji, Minnesota, , U.S.",,,,,,,,,,Jane Russell,,,,,,,,,,,,,Van Nuys High School,"Santa Maria, California, , U.S.",,,,1921-06-21,,,,2011-02-28,,,,,,1943–1986,,,,"Actress, singer, model",,,,,,,,3,Ernestine Jane Geraldine Russell,,,,,,,,,,,,,,,Republican,,
,,,,,,,,"Leonard Kovner,  ,  , (, m., 1940;, div., 1944),  , Ben Gage,  ,  , (, m., 1945;, div., 1958),  , Fernando Lamas,  ,  , (, m., 1969; died 1982),  , Edward Bell,  ,  , (, m., 1994),  ",,,,,,,"Inglewood, California, , U.S.",,,,,"esther-williams, .com",,,,,Esther Williams,,,,,,,,,,,,,,"Beverly Hills, California, , U.S.",,,,1921-08-08,,,,2013-06-06,,,,,,1942–1963,,,,"Swimmer, actress",,,,,,,,3,Esther Jane Williams,,,,Los Angeles City College,,,,,,,,,,,,,
,,,,,,,,,,,,,,Hillside Memorial Park Cemetery,"Amarillo, ,, Texas, , U.S.",,,,,,,,,"Lily Norwood, Felia Siderova, Maria Istomina",Cyd Charisse,,"Nico Charisse,  ,  , (, m., 1939;, div., 1947),  , Tony Martin,  ,  , (, m., 1948),  ",,,,,,,,,,"Nana Visitor, (niece)",,"Los Angeles, ,, California, , U.S.",,,,1922-03-08,,,,2008-06-17,,,,,,1939–2007,,,,"Actress, dancer",,,,,,,,2,Tula Ellice Finklea,,,,,,,,,,,,,,,,,
,,,,,,,,,,,,,,,"Wallace, Idaho, , U.S.",,,,,,,,,,Lana Turner,,"Artie Shaw,  ,  , (, m., 1940;, div., 1940),  , Joseph Stephen Crane,  ,  , (, m., 1942;, ann., 1943),  ,  ,  , (, m., 1943;, div., 1944),  , Bob Topping,  ,  , (, m., 1948;, div., 1952),  , Lex Barker,  ,  , (, m., 1953;, div., 1957),  , Fred May,  ,  , (, m., 1960;, div., 1962),  , Robert Eaton,  ,  , (, m., 1965;, div., 1969),  , Ronald Pellar,  ,  , (, m., 1969;, div., 1972),  ",,,,Actress,,,,,,,,"Los Angeles, California, , U.S.",,,Full list,1921-02-08,,,,1995-06-29,,,,,,1937–1985,,,,,,,,,,,,Cheryl Crane,Julia Jean Turner,,,,,,,,,,,,,,,,,
,,,,,,,,,,,,,,Forest Lawn Memorial Park,"Cleveland, Ohio, , U.S.",,,,,,,,,,Dorothy Dandridge,,"Harold Nicholas,  ,  , (, m., 1942;, div., 1951),  , Jack Denison,  ,  , (, m., 1959;, div., 1962),  ",,,,,,,,,,"Vivian Dandridge, (sister), Nayo Wallace, (great-niece)",,"West Hollywood, California, , U.S.",,,,1922-11-09,,,,1965-09-08,,,,,,1933–1965,,,,"Actress, singer, dancer",,,,,,,"Ruby Dandridge, (mother)",1,,,,,,,,,,,,,,,,,,
,,,,,,,,,,,,"Pillow Talk, Love Me or Leave Me, Calamity Jane, The Man Who Knew Too Much",,,"Cincinnati, Ohio, , U.S.",,,,,"dorisday, .com",,,,,Doris Day,,"Al Jorden,  ,  , (, m., 1941;, div., 1943),  , George Weidler,  ,  , (, m., 1946;, div., 1949),  , Martin Melcher,  ,  , (, m., 1951; died 1968),  , Barry Comden,  ,  , (, m., 1976;, div., 1982),  ",,,,,,,,,,,,"Carmel Valley, California, , U.S.",,,,1922-04-03,,,,2019-05-13,,,,,,1939–2012,,,,,,,,,,,,Terry Melcher,Doris Mary Kappelhoff,,,,,,,,,,,,,,,Republican,,
,,,,,,,,,,,,,,"Sunset Memorial Park, Smithfield, North Carolina","Grabtown, North Carolina, , U.S.",,,,,"avagardner, .org",,,,,Ava Gardner,,"Mickey Rooney,  ,  , (, m., 1942;, div., 1943),  , Artie Shaw,  ,  , (, m., 1945;, div., 1946),  , Frank Sinatra,  ,  , (, m., 1951;, div., 1957),  ",,,,Actress,,,,,,,,"Westminster, ,, London, , England",,,,1922-12-24,,,,1990-01-25,,,,,,1941–1986,,,,,,,,,,,,,Ava Lavinia Gardner,,,,Atlantic Christian College,,,,,,,,,,,,,
,,,,,,,,"John Shelton,  ,  , (, m., 1941;, div., 1946),  , Johnnie Johnston,  ,  , (, m., 1947;, div., 1951),  ",,,,,,,"Winston-Salem, North Carolina, , U.S.",,,,,"kathryngrayson, .com",,,,,Kathryn Grayson,,,,,,,,,,,,,,"Los Angeles, California, , U.S.",,,,1922-02-09,,,,2010-02-17,,,,,,1941–1998,,,,,,,,,,,,1,Zelma Kathryn Elisabeth Hedrick,,,,,,"Actress, singer",,,,,,,,,,,
,,,,,,,,,,,,,,Hollywood Forever Cemetery,"Grand Rapids, Minnesota, , U.S.",,,,,,,,,,Judy Garland,,"David Rose,  ,  , (, m., 1941;, div., 1944),  , Vincente Minnelli,  ,  , (, m., 1945;, div., 1951),  , Sidney Luft,  ,  , (, m., 1952;, div., 1965),  , Mark Herron,  ,  , (, m., 1965;, div., 1969),  , Mickey Deans,  , (, m., 1969),  ",,,,,,,,,,,,"London, , England",,,,1922-06-10,,,,1969-06-22,,,,,,1924–1969,,,,"Actress, singer, dancer, vaudevillian, television and radio presenter",,,,,,,,"3, including, Liza Minnelli, and, Lorna Luft",Frances Ethel Gumm,,,,,,,,,,,,,,,Democratic,,
,,,,,World War II,,Staff Sergeant,,,,,,United States Army Air Corps,"Saint Matthew's Episcopal Church Columbarium, Pacific Palisades, California, , U.S.","Wilmette, Illinois, , U.S.",,,,,,1944–1946,,,,Charlton Heston,,,,,,,John Gavin,,,,,,,"Beverly Hills, California, , U.S.",Filmography,,,1923-10-04,,,,2008-04-05,United States,,,,,1941–2003,,,,"Actor, activist",,,,,,,,"2, including, Fraser Clarke Heston",John Charles Carter,,,"Lydia Clarke,  , (, m., 1944),  ",Northwestern University,,,77th Bombardment Squadron,,,,,,Dana Andrews,,"Republican, (after 1987), Democratic, (before 1987)",,
,,,,,,,,"Reese Llewellyn Milner,  ,  , (, m., 1946;, div., 1947),  , Bill Moss,  ,  , (, m., 1958;, div., 1961),  , Arthur Cameron,  ,  , (, m., 1961;, div., 1962),  ",,,,,,"Holy Cross Cemetery, Culver City","Chireno, Texas, , U.S.",,,,,,,,,,Ann Miller,,,,,,,,,,,,,,"Los Angeles, California, , U.S.",,,,1923-04-12,,,,2004-01-22,,,,,,1934–2001,,,,,,,,,,,,1,Johnnie Lucille Collier,,,,,,"Actress, dancer, singer",,,,,,,,,,,
,,,,,,,,"Jeanne Coyne,  ,  , (, m., 1948, ;, div., 1951, ),  , Marion Marshall,  ,  , (, m., 1952, ;, div., 1959, ),  , Adelle O'Connor Beatty,  ,  , (, m., 1960, ;, div., 1971, ),  , Yvette Mimieux,  ,  , (, m., 1972, ;, div., 1985, ),  , Pamela Braden,  ,  , (, m., 1990;, div., 1994),  ",,,,"Singin' in the Rain, ,, On the Town, ,, Funny Face, ,, Charade",,,"Columbia, South Carolina, , U.S",,,,,,,,,,Stanley Donen,,,,,,,,,,,,,,"New York City, , U.S.",,,,1924-04-13,,,,2019-02-21,,,,,,1940–2003,"Elaine May, (, c., 1999)",,,,,,,,,,,"3, including, Joshua Donen",,,,,,,"Film director, film producer, choreographer, dancer, stage director",,,,,,,,,,,
,,,,,,,,,,,,,,,"Omaha, Nebraska, , U.S.",,,,,"marlonbrando, .com",,,,,Marlon Brando,,"Anna Kashfi,  ,  , (, m., 1957;, div., 1959),  , Movita Castaneda,  ,  , (, m., 1960;, annul., 1968),  , Tarita Teriipaia,  ,  , (, m., 1962;, div., 1972),  ",,,,,,,,,,"Jocelyn Brando, (sister), D. A. Pennebaker, (cousin)",,"Los Angeles, ,, California, , U.S.",Full list,,Full list,1924-04-03,,,,2004-07-01,,,,,,1944–2004,,,,"Actor, film director, activist",,,,,"Rita Moreno, (1954-1962), Jill Banner, (1968–1982), Maria Cristina Ruiz (1988–2001)",,,"11 (8 biological, 3 adopted);, including, Christian, and, Cheyenne",Marlon Brando Jr.,,,,,,,,,,,,,,,,,
,,,,,,,,,,,,,,"Forest Lawn Memorial Park, ,, Glendale, California, , U.S.","The Bronx, , New York City, U.S.",,,,,,,,,Betty Bogart,Lauren Bacall,,"Humphrey Bogart,  ,  , (, m., 1945; died 1957),  , Jason Robards,  ,  , (, m., 1961;, div., 1969),  ",,,,,,,,,,"Shimon Peres, (cousin)",,"Manhattan, , New York City, U.S.",Full list,,Full list,1924-09-16,,,,2014-08-12,,,,,,1942–2014,,,,"Actress, model",,,,,,,,"3, including, Stephen Humphrey Bogart, and, Sam Robards",Betty Joan Perske,,,,,,,,,,,,,,,Democratic,,
,,,,,,,,"Cynthia Stone,  ,  , (, m., 1950;, div., 1956),  , Felicia Farr,  , (, m., 1962),  ",,,,,,Westwood Village Memorial Park Cemetery,"Newton, Massachusetts, , U.S.",,,,,,,,,,Jack Lemmon,,,,,,Actor,,,,,,,Phillips Academy Andover,"Los Angeles, California, , U.S.",,,Full list,1925-02-08,,,,2001-06-27,,,,,,1949–2001,,,,,,,,,,,,"2, including, Chris Lemmon",John Uhler Lemmon III,,,,"Harvard University, (1947)",,,,,,,,,,Performances,Democratic,,
,,,,,,,,"Sybil Williams,  ,  , (, m., 1949;, div., 1963),  , Elizabeth Taylor,  ,  , (, m., 1964;, div., 1974),  ,  ,  , (, m., 1975;, div., 1976),  , Suzy Miller,  ,  , (, m., 1976;, div., 1982),  , Sally Hay,  ,  , (, m., 1983),  ",,,,,,,"Pontrhydyfen, , Wales",,,,,,,,,,Richard Burton,,,,,,Actor,,,,,,,,"Céligny, , Switzerland",,,,1925-11-10,,,,1984-08-05,,,,,,1943–1984,,,,,,,,,,,,"3, including, Kate Burton",Richard Walter Jenkins Jr.,,,,,,,,,,,,,,,,,
,,,,,,,Petty Officer Third Class,,,,,,United States Navy,,"Shaker Heights, Ohio, , U.S.",,,,,,1943–1946,,,,Paul Newman,,"Jackie Witte,  ,  , (, m., 1949;, div., 1958),  , Joanne Woodward,  , (, m., 1958),  ",,,,,,,,,,,"Kenyon College, (, BA, ), Yale University","Westport, Connecticut, , U.S.",,,Navy Good Conduct Medal,1925-01-26,"SeriousFun Children's Network, ,, Safe Water Network",,,2008-09-26,United States,,,,,1949–2007,,,,"Actor, film director, race car driver, entrepreneur",,,,,,,,"6, including, Scott, ,, Nell, , and, Melissa",Paul Leonard Newman,,,,,,,,,,,,,,,Democratic,,
,,,,,,,,,,,,,,,"Winnetka, Illinois, , U.S.",,,,,,,,,Roy Harold Fitzgerald (adoption surname from stepfather),Rock Hudson,,,,,,Actor,,,,,,,,"Beverly Hills, California, , U.S.",,,,1925-11-17,,,,1985-10-02,,,,6 ft 3.5 in (192 cm),,1948–1985,,,AIDS-related complications,,,"Cenotaph at, Forest Lawn Cemetery, ,, Cathedral City, California",,,,,,,Roy Harold Scherer Jr.,,,"Phyllis Gates,  ,  , (, m., 1955;, div., 1958),  ",,,,,,,,,,,,,,
,,,,,World War II,,"Signalman, 3rd Class",,,,,,United States Navy,"Palm Memorial Park (Green Valley),, Las Vegas, Nevada","New York City, U.S.",,,,,,1943–1945,,,,Tony Curtis,,"Janet Leigh,  ,  , (, m., 1951;, div., 1962),  , Christine Kaufmann,  ,  , (, m., 1963;, div., 1968),  , Leslie Allen,  ,  , (, m., 1968;, div., 1982),  , Andrea Savio,  ,  , (, m., 1984;, div., 1992),  , Lisa Deutsch,  ,  , (, m., 1993;, div., 1994),  , Jill Vandenberg,  ,  , (, m., 1998),  ",,,,Actor,,,,,,,,"Henderson, Nevada, , U.S.",,,"American Campaign Medal, Asiatic–Pacific Campaign Medal, World War II Victory Medal",1925-06-03,,,,2010-09-29,United States,,,,,1948–2008,,,,,,,,,,,,"6, including, Kelly, ,, Jamie Lee, , and, Allegra Curtis",Bernard Schwartz,,,,The New School,,,"USS, Proteus, (AS-19)",,,,,,,,,,
,,,,,,,,,,,,,,,"London, England",,,,,,,,,,Angela Lansbury,,"Richard Cromwell,  ,  , (, m., 1945;, div., 1946),  , Peter Shaw,  ,  , (, m., 1949; died 2003),  ",,"Bruce Lansbury, (brother), Edgar Lansbury, (brother), George Lansbury, (grandfather)",,,,"United Kingdom, United States (from 1951), Ireland (from, c., 1970, )",,,,,,"Los Angeles, California, US",,,Full list,1925-10-16,,,,2022-10-11,,,,,,1942–2022,,,,"Actress, singer",,,,,,,,2,Angela Brigid Lansbury,,,,,"Dame, (2014)",,,,,"Edgar Lansbury, Moyna Macgill",,,,,,,
,,Westwood Village Memorial Park Cemetery,,,,,,,,,,,,,"Los Angeles, California, , U.S.",,,,,"marilynmonroe, .com",,,,Norma Jeane Baker,Marilyn Monroe,,"James Dougherty,  ,  , (, m., 1942;, div., 1946),  , Joe DiMaggio,  ,  , (, m., 1954;, div., 1955),  , Arthur Miller,  ,  , (, m., 1956;, div., 1961),  ",,,,,,,,,,"Berniece Baker Miracle, (half-sister)",,"Los Angeles, California, U.S.",,,,1926-06-01,,,,1962-08-04,,,,,,1945–1962,,,Barbiturate overdose,"Actress, model, singer",,,,,,,"Gladys Pearl Baker, (mother)",,Norma Jeane Mortenson,,,,,,,,,,,,,,,,,
,,,,,,,,,,,,,,"Subiaco, , Italy","Subiaco, ,, Kingdom of Italy",,,,,,,,,,Gina Lollobrigida,,,,,,,,,,,,,,"Rome, ,, Italy",,,"Order of Merit of the Italian Republic, Legion of Honour, Ordre des Arts et des Lettres",1927-07-04,,,,2023-01-16,,,,,,1946–1997,Javier Rigau y Rafols (1984–2006),,,,,,,,,,,1,Luigia Lollobrigida,,,"Milko Škofič,  ,  , (, m., 1949;, div., 1971),  ",,,"Actress, photojournalist",,,,,,,,,,,
,,,,,World War II,,,,,,"Ambassador to, UNESCO",,United States Army,,"Miami, Florida, U.S.",,,,,,1943–1944,,,,Sidney Poitier,,"Juanita Hardy,  ,  , (, m., 1950;, div., 1965),  , Joanna Shimkus,  , (, m., 1976),  ",,,,,,,,,,,,"Beverly Hills, California, , U.S.",Full list,,Full list,1927-02-20,,,,2022-01-06,,,,,,1946–2009,"Diahann Carroll, (1959–1968)",Ambassador to Japan,,"Actor, film director, diplomat",,,,,,,,"6, including, Sydney Tamiia",,,,,,,,,,,,,,,,,"American, Bahamian",
,,,,,,,,,,,,"Psycho, Little Women, Angels in the Outfield, Scaramouche, Holiday Affair, The Manchurian Candidate",,Westwood Village Memorial Park Cemetery,"Merced, California, , U.S.",,,,,,,,,,Janet Leigh,,"John Carlisle,  ,  , (, m., 1942, ; annulled, 1942, ),  , Stanley Reames,  ,  , (, m., 1945, ;, div., 1948, ),  , Tony Curtis,  ,  , (, m., 1951, ;, div., 1962, ),  , Robert Brandt,  , (, m., 1962, ),  ",,,,,,,,,,,Stockton High School,"Beverly Hills, California, , U.S.",,,,1927-07-06,,,,2004-10-03,,,,,,1947–2004,,,,"Actress, singer, dancer, author",,,,,,,,"Kelly Curtis, Jamie Lee Curtis",Jeanette Helen Morrison,,,,University of the Pacific,,,,,,,,,,,Democratic,,
,,,,,,,,,,,,,,"Alta Mesa Memorial Park, ,, Palo Alto, California",,,,,,"shirleytemple, .com",,,,Shirley Temple Black,Shirley Temple,,"John Agar,  ,  , (, m., 1945;, div., 1950),  , Charles Alden Black,  ,  , (, m., 1950; died 2005),  ","Shirley Jane Temple, (, 1928-04-23, ), April 23, 1928, Santa Monica, California, , U.S.",,,"Actress, singer, dancer, diplomat, political activist",Robert P. Smith,,,,,,,,,,,,,Gerald Ford,,"February 10, 2014, (2014-02-10), (aged 85), Woodside, California, , U.S.",,,,,,"1932–1965 (as actress), 1967–1992 (as public servant)",,,,,,,,,,,,"3, including, Lori Black",,,,,,,,,,,,,,Fred L. Hadsel,,Republican,,
,,,,,,,,,,,,Mildred Pierce,,,"Mount Kisco, New York, , U.S.",,,,,,,,,,Ann Blyth,,,,"Dennis Day, (brother-in-law)",,,,,,,,,,,,,,1928-08-16,,,,,,,,,,1933–1985,,,,,,,,,,,,5,Anne Marie Blythe,,,"James McNulty,  ,  , (, m., 1953; died 2007),  ",,,,,,,,,,,,,,
,,,,,,,,,,,,,,"Tolochenaz Cemetery, Tolochenaz","Ixelles, , Brussels, Belgium",,,,,,,,,,Audrey Hepburn,,"Mel Ferrer,  ,  , (, m., 1954;, div., 1968),  , Andrea Dotti,  ,  , (, m., 1969;, div., 1982),  ",,,,,,,,,,"Baron Aarnoud van Heemstra, (maternal grandfather), Emma Ferrer, (granddaughter)",,"Tolochenaz, , Vaud, Switzerland",,,Full list,1929-05-04,,,,1993-01-20,,,,,,"1948–1989 (actress), 1954–1993 (humanitarian)","Robert Wolders, (1980–1993; her death)",,,"Actress, humanitarian",,,,,,,"Baroness Ella van Heemstra, (mother)","2, including, Sean",Audrey Kathleen Ruston,,,,,,,,,,,,,,Full list,,British,
,,,,,,,,"Geary Steffen,  ,  , (, m., 1949;, div., 1953),  , Patrick Nerney,  ,  , (, m., 1954;, div., 1963),  , James Fitzgerald,  ,  , (, m., 1965;, div., 1975),  , David Parlour,  ,  , (, m., 1978;, div., 1981),  , Dickie Moore,  ,  , (, m., 1988; died 2015),  ",,,,,,,"Portland, Oregon, , U.S.",,,,,,,,,,Jane Powell,,,,,,,,,,,,,,"Wilton, Connecticut, , U.S.",,,,1929-04-01,,,,2021-09-16,,,,,,1944–2004,,,,"Actress, singer, dancer",,,,,,,,3,Suzanne Lorraine Burce,,,,,,,,,,,,,,,,,
,,,Margaret Majer,,,,,,,,,,,,,,,,,,,"September 18, 1982, Cathedral of Our Lady Immaculate, ,, Monaco-Ville, , Monaco","Caroline, Princess of Hanover, Albert II, Prince of Monaco, Princess Stéphanie",,Grace Kelly,,,"Grace Patricia Kelly, (, 1929-11-12, ), November 12, 1929, Philadelphia, , Pennsylvania, U.S.",,,Actress,,,,,Catholic,,"American Academy of Dramatic Arts, Neighborhood Playhouse School of the Theatre",,Full list,John B. Kelly Sr.,"Academy Award for Best Actress, (1954), See more",,,,,"September 14, 1982, (1982-09-14), (aged 52), Monaco Hospital, ,, La Colle, Monaco",,,,,,"1949–1956, 1977",,,,,,,,,,,,,,,,"Rainier III, Prince of Monaco,  ,  , (, m., 1956),  ",,,,,,,,"Grimaldi, (by marriage)",,,,,,
,,,,,,,,,,,,,,,"Chicago, Illinois, , U.S.",,,,,"www, .missmitzigaynor, .com",,,,,Mitzi Gaynor,,,,,,,,,,,,,,,,,,1931-09-04,,,,,,,,,,1949–present,,,,,,,,,,,,,Francesca Marlene de Czanyi von Gerber,,,"Jack Bean,  ,  , (, m., 1954; died 2006),  ",,,,,,,,,,,,,,
,,,,,,,,,,,,,,"Park Cemetery,, Fairmount, Indiana","Marion, Indiana, , U.S.",,,,,jamesdean.com,,,,,James Dean,,,,,,Actor,,,,,,,"Santa Monica College, UCLA","Cholame, California, , U.S.",,,,1931-02-08,,,,"September 30, 1955, 1955-09-30, aged 24",,,,,,1950–1955,,,Car accident,,,,,,,,,,James Byron Dean,,,,,,,,,,,,,,,,,
,,,,,,,,"Geordie Hormel,  ,  , (, m., 1951;, div., 1954),  , Peter Hall,  ,  , (, m., 1956;, div., 1965),  , Michael Laughlin,  ,  , (, m., 1969;, div., 1980),  ",,,,,,,"Boulogne-sur-Seine, ,, Paris, , France",,,,,,,,,,Leslie Caron,,,,,,,,,,,,,,,,,,1931-07-01,,,,,,,,,,1951–present,,,,"Actress, dancer",,,,,,,,"Christopher Hall, Jennifer Caron Hall",Leslie Claire Margaret Caron,,,,,,,,,,,,,,,,,
,,,,,,,,,,,,,,Forest Lawn Memorial Park,"London, England",,,,,"elizabethtaylor, .com",,,,Liz Taylor,Elizabeth Taylor,,"Conrad Hilton Jr.,  ,  , (, m., 1950, ;, div., 1951, ),  , Michael Wilding,  ,  , (, m., 1952, ;, div., 1957, ),  , Mike Todd,  ,  , (, m., 1957, ; died, 1958, ),  , Eddie Fisher,  ,  , (, m., 1959, ;, div., 1964, ),  , Richard Burton,  ,  , (, m., 1964, ;, div., 1974, ),  ,  ,  , (, m., 1975, ;, div., 1976, ),  , John Warner,  ,  , (, m., 1976, ;, div., 1982, ),  , Larry Fortensky,  ,  , (, m., 1991, ;, div., 1996, ),  ",,,,Actress,,"United Kingdom, United States",,,,,,"Los Angeles, California, US",,,Full list,1932-02-27,,,,2011-03-23,,,,,,1942–2007,,,,,,,,,,,,4,Elizabeth Rosemond Taylor,,,,,"Dame, (2000)",,,,,"Francis Lenn Taylor, (father), Sara Sothern, (mother)",,,,,,,
,,,,,,,,,,,,,,"Forest Lawn Memorial Park, Hollywood Hills","El Paso, Texas, , U.S.",,,,,"debbiereynolds, .com",,,,,Debbie Reynolds,,"Eddie Fisher,  ,  , (, m., 1955;, div., 1959),  , Harry Karl,  ,  , (, m., 1960;, div., 1973),  , Richard Hamlett,  ,  , (, m., 1984;, div., 1996),  ",,,,,,,,,,"Billie Lourd, (granddaughter)",,"Los Angeles, California, , U.S.",,,,1932-04-01,,,,2016-12-28,,,,,,1948–2016,,,,"Actress, singer, dancer, businesswoman",,,,,,,,"Carrie Fisher, Todd Fisher",Mary Frances Reynolds,,,,,,,,,,,,,,,,,
,,,,,,,,,,,,,,,"New York City, , U.S.",,"Tab Hunter, (1955–1959), Grover Dale, (1964–1971)",,,,,,,,Anthony Perkins,,,,,,,,,,,,,,"Los Angeles, , California, U.S.",,,,1932-04-04,,,,1992-09-12,,,,,,1953–1992,,,,"Actor, director, singer",,,,,,,"Osgood Perkins, (father)","Oz Perkins, Elvis Perkins",,,,"Berry Berenson,  , (, m., 1973),  ",Columbia University,,,,,,,,,,,Democratic,,
,,,,,,,,,,,,,,,"Leeds, , West Riding of Yorkshire, England",,,,,,,,,,Peter O'Toole,,,,,,,,,,,,,,"St John's Wood, , London, England",,,List of awards and nominations,1932-08-02,,,,2013-12-14,,,,,,1954–2012,Karen Brown (1982–1988),,,"Actor, author",,,,,,,,"3, including, Kate",Peter Seamus O'Toole,,,"Siân Phillips,  ,  , (, m., 1959;, div., 1979),  ",Royal Academy of Dramatic Art,,,,,,,,,,On screen and stage,,,
,,Al-Sayyida Nafisa Cemetery,,,,,,,Order of Merit,,,,,,,,,,,,,,,"Omar el-Sherief,, Omar Cherif",Omar Sharif,,,,,,Actor,,,,,,"Omar Sharif Jr., (grandson)","Victoria College, Alexandria",,,,"César Award, (2004), Golden Globe Award, (1962, 1963, 1965)",,,,,"10 July 2015, (2015-07-10), (aged 83), Cairo, , Egypt",,,,,,1954–2015,,,,,,,,,,,,1,,,,"Faten Hamama,  ,  , (, m., 1955;, div., 1974),  ",Cairo University,,,,,,,,,,,,Egyptian,
,,,,,,,,,,,,,,"Fairview Cemetery, ,, Pen Argyl, Pennsylvania, 40°51′42″N, 75°14′25″W, ﻿ / ﻿, 40.861672°N 75.240244°W, ﻿ /, 40.861672; -75.240244","Bryn Mawr, Pennsylvania, , U.S.",,,,,"jaynemansfield, .com",,,,,Jayne Mansfield,,"Paul Mansfield,  ,  , (, m., 1950;, div., 1958),  , Mickey Hargitay,  ,  , (, m., 1958;, div., 1964),  , Matt Cimber,  ,  , (, m., 1964;, div., 1966),  ",,,,,,,,,,,"Southern Methodist University, University of Texas at Austin","New Orleans, Louisiana, , U.S.",,,"Theatre World Award, for, Promising Personality, (1956), Golden Globe, for, New Star Of The Year – Actress, (1957)",1933-04-19,,,,1967-06-29,,,,,,1954–1967,"Enrico Bomba, (1962–1964)",,Brain trauma sustained in automobile crash,"Actress, singer, Playboy, Playmate, nightclub entertainer, model",,,,,,,,"5, including, Jayne Marie Mansfield, and, Mariska Hargitay",Vera Jayne Palmer,,,,,,,,,,,,,,,,,
,,,,,,,,,,,,,,,"Chicago, ,, Illinois, , U.S.",,,,,"kimnovakartist, .com",,,,,Kim Novak,,"Richard Johnson,  ,  , (, m., 1965;, div., 1966),  , Robert Malloy,  ,  , (, m., 1976; died 2020),  ",,,,,,,,,,,,,,,,1933-02-13,,,,,,,,,,1954–1991,,,,,,,,,,,,,Marilyn Pauline Novak,,,,,,"Actress, artist",,,,,,,,,,,
,,,,,,,,"Carlo Ponti Sr.,  ,  , (, m., 1957;, ann., 1962),  ,  ,  , (, m., 1966; died 2007),  ",,,,,,,"Rome, ,, Kingdom of Italy",,,,,,,,,,Sophia Loren,,,,,,Actress,,"Italy, France",,,,"Romano Mussolini, (brother-in-law), Alessandra Mussolini, (niece), Sasha Alexander, (daughter-in-law)",,,,,,1934-09-20,,,,,,,,,,1950–present,,,,,,,,,,,,"Carlo Ponti Jr., Edoardo Ponti",Sofia Costanza Brigida Villani Scicolone,,,,,,,,,,,,,,,,,
,,,,,,,,,,,,,,,"Richmond, Virginia, , U.S.",,,,,"shirleymaclaine, .com",,,,,Shirley MacLaine,,,,,,,,,,,,"Warren Beatty, (brother)",,,,,,1934-04-24,,,,,,,,,,1952–present,,,,,,,,,,,,Sachi Parker,Shirley MacLean Beaty,,,"Steve Parker,  ,  , (, m., 1954;, div., 1982),  ",,,,,,,,,,,,,,
,,,,"Vocals, guitar, piano",,,Sergeant,,,United States Army,,,,"Graceland, , Memphis, 35°2′46″N, 90°1′23″W, ﻿ / ﻿, 35.04611°N 90.02306°W, ﻿ /, 35.04611; -90.02306","Tupelo, Mississippi, , U.S.",,,,"Rock and roll, pop, rockabilly, country, gospel, R&B, blues",,1958–1960,,,,Elvis Presley,,,,,,,,,,,,"Riley Keough, (granddaughter), Brandon Presley, (second cousin)",,"Memphis, Tennessee, , U.S.","Albums, singles, songs recorded, Sun label, film and television",,Good Conduct Medal,1935-01-08,,,,1977-08-16,,,,,"Sun, RCA Victor, HMV, Allied Artists Music Group",1953–1977,,,Cardiac arrest,"Singer, actor",,,,,,,,Lisa Marie,Elvis Aron Presley,,,"Priscilla Beaulieu,  ,  , (, m., 1967;, div., 1973),  ",,,,"Headquarters Company, 1st Medium Tank Battalion,, 32d Armor, ,, 3d Armored Division",,,,,,,,,,
,,,,,,,,"Harold Allen, Jr.,  ,  , (, m., 1959;, div., 1968),  , Roy Thorsen,  ,  , (, m., 1974),  ",,,,Meet Me in St. Louis,,,"San Diego, California, , U.S.",,,,,,,,,,Margaret O'Brien,,,,,,,,,,,,,,,,,,1937-01-15,,,,,,,,,,1941–present,,,,,,,,,,,,1,Maxine O'Brien,,,,,,,,,,,,,,,,,
,,,,,,,,,,,,,,Westwood Village Memorial Park Cemetery,"San Francisco, California, , U.S.",,,,,,,,,Natasha Gurdin,Natalie Wood,,"Robert Wagner,  ,  , (, m., 1957, ;, div., 1962, ),  ,  ,  , (, m., 1972, ),  , Richard Gregson,  ,  , (, m., 1969, ;, div., 1972, ),  ",,,,Actress,,,,,,"Lana Wood, (sister)",,"Pacific Ocean, near, Santa Catalina Island",,,,1938-07-20,,,,1981-11-29,,,,,,1943–1981,,,"""drowning and other undetermined factors""",,,,,,,,,"2, including, Natasha Gregson Wagner",Natalie Zacharenko,,,,,,,,,,,,,,,,,
,,,,,,,,,,,,"Imitation of Life, Until They Sail, Gidget, A Summer Place, Tammy Tell Me True, Take Her She's Mine",,Forest Lawn Memorial Park,"Bayonne, New Jersey, , U.S.",,,,,,,,,Sandra Douvan,Sandra Dee,,,,,,,,,,,,,University High School,"Thousand Oaks, California, , U.S.",,,,1942-04-23,,,,2005-02-20,,,,,,1957–1983,,,,"Actress, model",,,,,,,,1,Alexandra Zuck,,,"Bobby Darin,  ,  , (, m., 1960;, div., 1967),  ",Professional Children's School,,,,,,,,,,,,,
